,sentence,meta,max_match_extracted,y_true
0,this camera is perfect for an enthusiastic amateur photographer .,{'camera': 'positive'},"{('camera', 'positive')}","[0, 1, 0, 0, 0, 0, 0, 0, 0, 0, 0, 0, 0, 0, 0, 0, 0, 0, 0, 0, 0, 0, 0, 0, 0, 0, 0, 0, 0, 0, 0]"
1,"the pictures are razor-sharp , even in macro .","{'picture': 'positive', 'macro': 'positive'}",set(),"[0, 0, 0, 0, 0, 0, 0, 0, 0, 0, 0, 0, 0, 0, 0, 0, 0, 0, 0, 0, 0, 0, 0, 0, 0, 0, 0, 0, 0, 0, 0]"
2,the manual does a fine job filling in any blanks that remain .,{'manual': 'positive'},"{('manual', 'positive')}","[0, 0, 0, 0, 0, 0, 0, 0, 0, 0, 0, 0, 0, 0, 0, 0, 0, 0, 0, 0, 1, 0, 0, 0, 0, 0, 0, 0, 0, 0, 0]"
3,"the auto-focus performs well , but i love having the 12 optional scene modes - they are dummy-proof , and correspond to many situations in which i would actually seek to use the camera .","{'auto focus': 'positive', 'scene mode': 'positive'}",set(),"[0, 0, 0, 0, 0, 0, 0, 0, 0, 0, 0, 0, 0, 0, 0, 0, 0, 0, 0, 0, 0, 0, 0, 0, 0, 0, 0, 0, 0, 0, 0]"
4,"comes with a 16 mb compact flash and one rechargable battery the charging unit , included , is fast and small .",{'rechargable battery': 'positive'},"{('rechargable battery', 'positive'), ('compact flash', 'positive')}","[0, 0, 0, 0, 0, 0, 0, 1, 0, 0, 0, 0, 0, 0, 0, 0, 0, 0, 0, 0, 0, 0, 0, 0, 0, 0, 0, 0, 0, 0, 0]"
5,"i bought a 256 mb cf and a second battery , so it 's good to go on a long vacation .",{},set(),"[0, 0, 0, 0, 0, 0, 0, 0, 0, 0, 0, 0, 0, 0, 0, 0, 0, 0, 0, 0, 0, 0, 0, 0, 0, 0, 0, 0, 0, 0, 0]"
6,i enthusiastically recommend this camera .,{'camera': 'positive'},"{('camera', 'positive')}","[0, 0, 0, 0, 0, 0, 0, 0, 0, 0, 0, 0, 0, 0, 0, 0, 0, 0, 0, 0, 0, 0, 1, 0, 0, 0, 0, 0, 0, 0, 0]"
7,"i got my camera three days back , and although i had some experience with digital cameras prior to purchasing this one , i still rate myself as a beginner .",{},set(),"[0, 0, 0, 0, 0, 0, 0, 0, 0, 0, 0, 0, 0, 0, 0, 0, 0, 0, 0, 0, 0, 0, 0, 0, 0, 0, 0, 0, 0, 0, 0]"
8,i bought this camera because it fit my budget and the pre-production and production model reviews were positive .,{},set(),"[0, 0, 0, 0, 0, 0, 0, 0, 0, 0, 0, 0, 0, 0, 0, 0, 0, 0, 0, 0, 0, 0, 0, 0, 0, 0, 0, 0, 0, 0, 0]"
9,"in the auto mode it functions basically as a point and click , the scene modes are very easy to use and produce good results .","{'scene mode': 'positive', 'auto mode': 'positive'}",set(),"[0, 0, 0, 0, 0, 0, 0, 0, 0, 0, 0, 0, 0, 0, 0, 0, 0, 0, 0, 0, 0, 0, 0, 0, 0, 0, 0, 0, 0, 0, 0]"
10,the manual mode is feature rich and i can 't wait to get the hang of it .,{'manual mode': 'positive'},"{('manual mode', 'positive')}","[0, 1, 0, 0, 0, 0, 0, 0, 0, 0, 0, 0, 0, 0, 0, 0, 0, 0, 0, 0, 0, 0, 0, 0, 0, 0, 0, 0, 0, 0, 0]"
11,"the macro mode is exceptional , the pictures are very clear and you can take the pictures with the lens unbelievably close the subject .","{'macro mode': 'positive', 'picture': 'positive'}","{('pictures', 'positive'), ('macro mode', 'positive')}","[0, 0, 0, 0, 0, 0, 0, 0, 0, 0, 0, 0, 0, 0, 0, 0, 0, 0, 0, 0, 1, 0, 0, 0, 0, 0, 0, 0, 0, 0, 0]"
12,"the battery life is very good , i got about 90 minutes with the lcd turned on all the time , the first time around , and i have been using it with the lcd off every now and then , and have yet needed to recharge it .",{'battery life': 'positive'},"{('battery life', 'positive')}","[0, 0, 0, 0, 0, 0, 0, 0, 0, 0, 0, 0, 0, 0, 0, 0, 0, 0, 0, 0, 1, 0, 0, 0, 0, 0, 0, 0, 0, 0, 0]"
13,"the camera comes with a lexar 16mb starter card , which stores about 10 images in fine mode at the highest resolution , i intend to buy a bigger card soon .",{},set(),"[0, 0, 0, 0, 0, 0, 0, 0, 0, 0, 0, 0, 0, 0, 0, 0, 0, 0, 0, 0, 0, 0, 0, 0, 0, 0, 0, 0, 0, 0, 0]"
14,i love photography .,{},set(),"[0, 0, 0, 0, 0, 0, 0, 0, 0, 0, 0, 0, 0, 0, 0, 0, 0, 0, 0, 0, 0, 0, 0, 0, 0, 0, 0, 0, 0, 0, 0]"
15,i had an older camera that was simply a point and shoot camera .,{},set(),"[0, 0, 0, 0, 0, 0, 0, 0, 0, 0, 0, 0, 0, 0, 0, 0, 0, 0, 0, 0, 0, 0, 0, 0, 0, 0, 0, 0, 0, 0, 0]"
16,"i needed something with more power , so i bought a nikon coolpix 4300 .",{},set(),"[0, 0, 0, 0, 0, 0, 0, 0, 0, 0, 0, 0, 0, 0, 0, 0, 0, 0, 0, 0, 0, 0, 0, 0, 0, 0, 0, 0, 0, 0, 0]"
17,"i fell in love with this camera , it combines ease of use , with an immense amount of options and power .","{'camera': 'positive', 'use': 'positive'}","{('camera', 'positive')}","[0, 0, 0, 0, 0, 0, 0, 0, 0, 0, 0, 1, 0, 0, 0, 0, 0, 0, 0, 0, 0, 0, 0, 0, 0, 0, 0, 0, 0, 0, 0]"
18,"you can use the scene modes , or fine tune the options , i. you can change the iso level , shutter speed , etc.",{},set(),"[0, 0, 0, 0, 0, 0, 0, 0, 0, 0, 0, 0, 0, 0, 0, 0, 0, 0, 0, 0, 0, 0, 0, 0, 0, 0, 0, 0, 0, 0, 0]"
19,"this camera is ideal for people who want more power , but do n't want to spend 1000s dollars on a camera .",{'camera': 'positive'},"{('camera', 'positive')}","[0, 1, 0, 0, 0, 0, 0, 0, 0, 0, 0, 0, 0, 0, 0, 0, 0, 0, 0, 0, 0, 0, 0, 0, 0, 0, 0, 0, 0, 0, 0]"
20,i bought coolpix 4300 two months after i had bought canon powershot s400 .,{},set(),"[0, 0, 0, 0, 0, 0, 0, 0, 0, 0, 0, 0, 0, 0, 0, 0, 0, 0, 0, 0, 0, 0, 0, 0, 0, 0, 0, 0, 0, 0, 0]"
21,reason for two ?,{},set(),"[0, 0, 0, 0, 0, 0, 0, 0, 0, 0, 0, 0, 0, 0, 0, 0, 0, 0, 0, 0, 0, 0, 0, 0, 0, 0, 0, 0, 0, 0, 0]"
22,it was not easy sharing one with my teen age kid .,{},set(),"[0, 0, 0, 0, 0, 0, 0, 0, 0, 0, 0, 0, 0, 0, 0, 0, 0, 0, 0, 0, 0, 0, 0, 0, 0, 0, 0, 0, 0, 0, 0]"
23,the two cameras are very similar in functionality and pricing .,{},set(),"[0, 0, 0, 0, 0, 0, 0, 0, 0, 0, 0, 0, 0, 0, 0, 0, 0, 0, 0, 0, 0, 0, 0, 0, 0, 0, 0, 0, 0, 0, 0]"
24,i 've had no problem with canon whatsoever .,{},set(),"[0, 0, 0, 0, 0, 0, 0, 0, 0, 0, 0, 0, 0, 0, 0, 0, 0, 0, 0, 0, 0, 0, 0, 0, 0, 0, 0, 0, 0, 0, 0]"
25,"with nikon , although picture qualities are as good as any other 4 mp cameras , i 've had the following headaches ;",{'picture quality': 'positive'},set(),"[0, 0, 0, 0, 0, 0, 0, 0, 0, 0, 0, 0, 0, 0, 0, 0, 0, 0, 0, 0, 0, 0, 0, 0, 0, 0, 0, 0, 0, 0, 0]"
26,1 . pictures wo n't transfer to pc directly from the camera using the included transfer cable .,{'transfer': 'negative'},set(),"[0, 0, 0, 0, 0, 0, 0, 0, 0, 0, 0, 0, 0, 0, 0, 0, 0, 0, 0, 0, 0, 0, 0, 0, 0, 0, 0, 0, 0, 0, 0]"
27,"i did everything i could , and it took many days of frustration before concluding that the only way to transfer to pc is with the card reader .",{},set(),"[0, 0, 0, 0, 0, 0, 0, 0, 0, 0, 0, 0, 0, 0, 0, 0, 0, 0, 0, 0, 0, 0, 0, 0, 0, 0, 0, 0, 0, 0, 0]"
28,card reader is included .,{},set(),"[0, 0, 0, 0, 0, 0, 0, 0, 0, 0, 0, 0, 0, 0, 0, 0, 0, 0, 0, 0, 0, 0, 0, 0, 0, 0, 0, 0, 0, 0, 0]"
29,"2 . the speed is noticeably slower than canon , especially so with flashes on .",{},set(),"[0, 0, 0, 0, 0, 0, 0, 0, 0, 0, 0, 0, 0, 0, 0, 0, 0, 0, 0, 0, 0, 0, 0, 0, 0, 0, 0, 0, 0, 0, 0]"
30,"3 . with low battery , it twice wiped out the entire pictures in the memory chip .",{},set(),"[0, 0, 0, 0, 0, 0, 0, 0, 0, 0, 0, 0, 0, 0, 0, 0, 0, 0, 0, 0, 0, 0, 0, 0, 0, 0, 0, 0, 0, 0, 0]"
31,i used lexar 256 mb and i still use it which means nothing is wrong with lexar .,{},set(),"[0, 0, 0, 0, 0, 0, 0, 0, 0, 0, 0, 0, 0, 0, 0, 0, 0, 0, 0, 0, 0, 0, 0, 0, 0, 0, 0, 0, 0, 0, 0]"
32,be very careful when the battery is low and make sure to carry extra batteries .,{},set(),"[0, 0, 0, 0, 0, 0, 0, 0, 0, 0, 0, 0, 0, 0, 0, 0, 0, 0, 0, 0, 0, 0, 0, 0, 0, 0, 0, 0, 0, 0, 0]"
33,"the other reviewers have clearly pointed all the good things about this camera , which i do agree .",{},set(),"[0, 0, 0, 0, 0, 0, 0, 0, 0, 0, 0, 0, 0, 0, 0, 0, 0, 0, 0, 0, 0, 0, 0, 0, 0, 0, 0, 0, 0, 0, 0]"
34,"but there are certain issues might be they are to me here - all of them are minor; not major ones though ,",{},set(),"[0, 0, 0, 0, 0, 0, 0, 0, 0, 0, 0, 0, 0, 0, 0, 0, 0, 0, 0, 0, 0, 0, 0, 0, 0, 0, 0, 0, 0, 0, 0]"
35,. this camera keeps on autofocussing in auto mode with a buzzing sound which can 't be stopped .,{'auto mode': 'negative'},set(),"[0, 0, 0, 0, 0, 0, 0, 0, 0, 0, 0, 0, 0, 0, 0, 0, 0, 0, 0, 0, 0, 0, 0, 0, 0, 0, 0, 0, 0, 0, 0]"
36,would be really good if they have given an option to stop this autofocussing .,{},set(),"[0, 0, 0, 0, 0, 0, 0, 0, 0, 0, 0, 0, 0, 0, 0, 0, 0, 0, 0, 0, 0, 0, 0, 0, 0, 0, 0, 0, 0, 0, 0]"
37,". if you want to have the date ; time on the image , its only through their software "" nikon view "" which reads the images date ; time from the images meta-data .",{},set(),"[0, 0, 0, 0, 0, 0, 0, 0, 0, 0, 0, 0, 0, 0, 0, 0, 0, 0, 0, 0, 0, 0, 0, 0, 0, 0, 0, 0, 0, 0, 0]"
38,so if you use your card reader ; copy images - you got to onceagain open them through their software to put the date ; time .,{},set(),"[0, 0, 0, 0, 0, 0, 0, 0, 0, 0, 0, 0, 0, 0, 0, 0, 0, 0, 0, 0, 0, 0, 0, 0, 0, 0, 0, 0, 0, 0, 0]"
39,"in that too , there is n't a direct way to add date ; time - you got to say ' print images ' to a different directory in which there is an option to specify the date ; time .",{},set(),"[0, 0, 0, 0, 0, 0, 0, 0, 0, 0, 0, 0, 0, 0, 0, 0, 0, 0, 0, 0, 0, 0, 0, 0, 0, 0, 0, 0, 0, 0, 0]"
40,. even the slightest of the shakes totally distorts your image,{'image': 'negative'},set(),"[0, 0, 0, 0, 0, 0, 0, 0, 0, 0, 0, 0, 0, 0, 0, 0, 0, 0, 0, 0, 0, 0, 0, 0, 0, 0, 0, 0, 0, 0, 0]"
41,. images taken indoor were n't so clear .,{'indoor image': 'negative'},set(),"[0, 0, 0, 0, 0, 0, 0, 0, 0, 0, 0, 0, 0, 0, 0, 0, 0, 0, 0, 0, 0, 0, 0, 0, 0, 0, 0, 0, 0, 0, 0]"
42,you got to have flash ' on ' to get it eventhough your room is well lit,{},set(),"[0, 0, 0, 0, 0, 0, 0, 0, 0, 0, 0, 0, 0, 0, 0, 0, 0, 0, 0, 0, 0, 0, 0, 0, 0, 0, 0, 0, 0, 0, 0]"
43,. lens cap is a really annoying,{'lens cap': 'negative'},set(),"[0, 0, 0, 0, 0, 0, 0, 0, 0, 0, 0, 0, 0, 0, 0, 0, 0, 0, 0, 0, 0, 0, 0, 0, 0, 0, 0, 0, 0, 0, 0]"
44,. go ; get a high speed like lexar 12x or higher cf card .,{},set(),"[0, 0, 0, 0, 0, 0, 0, 0, 0, 0, 0, 0, 0, 0, 0, 0, 0, 0, 0, 0, 0, 0, 0, 0, 0, 0, 0, 0, 0, 0, 0]"
45,"else with simpler viking cf cards , it takes couple of seconds to write a picture with approximately "" fine **"" picture quality  "" image size : 1600 .",{},set(),"[0, 0, 0, 0, 0, 0, 0, 0, 0, 0, 0, 0, 0, 0, 0, 0, 0, 0, 0, 0, 0, 0, 0, 0, 0, 0, 0, 0, 0, 0, 0]"
46,. the movie clips taken will always have some ' noise ' in it - you can 't avoid that .,{'movie': 'negative'},set(),"[0, 0, 0, 0, 0, 0, 0, 0, 0, 0, 0, 0, 0, 0, 0, 0, 0, 0, 0, 0, 0, 0, 0, 0, 0, 0, 0, 0, 0, 0, 0]"
47,but overall this is a good camera with a ' really good ' picture clarity ; an exceptional close-up shooting capability .,"{'picture': 'positive', 'closeup shooting': 'positive', 'camera': 'positive'}","{('camera', 'positive'), ('close-up shooting capability', 'positive')}","[0, 0, 0, 1, 0, 0, 0, 0, 0, 0, 0, 0, 0, 0, 0, 0, 0, 0, 0, 0, 0, 0, 0, 0, 0, 0, 0, 0, 0, 0, 0]"
48,i would rate this is 4.5 stars picture quality ; image size defined above are specific to nikon coolpix .,{},set(),"[0, 0, 0, 0, 0, 0, 0, 0, 0, 0, 0, 0, 0, 0, 0, 0, 0, 0, 0, 0, 0, 0, 0, 0, 0, 0, 0, 0, 0, 0, 0]"
49,"within a year , there are problems with my menu dial knob .",{'menu dial knob': 'negative'},set(),"[0, 0, 0, 0, 0, 0, 0, 0, 0, 0, 0, 0, 0, 0, 0, 0, 0, 0, 0, 0, 0, 0, 0, 0, 0, 0, 0, 0, 0, 0, 0]"
50,it became stucked which makes it almost impossible to switch between modes .,{},set(),"[0, 0, 0, 0, 0, 0, 0, 0, 0, 0, 0, 0, 0, 0, 0, 0, 0, 0, 0, 0, 0, 0, 0, 0, 0, 0, 0, 0, 0, 0, 0]"
51,"i send my camera to nikon for servicing , took them a whole 6 weeks to diagnose the problem .",{'servicing': 'negative'},set(),"[0, 0, 0, 0, 0, 0, 0, 0, 0, 0, 0, 0, 0, 0, 0, 0, 0, 0, 0, 0, 0, 0, 0, 0, 0, 0, 0, 0, 0, 0, 0]"
52,"worse of all , they claim that it 's some kind of internal damage and refuse to cover the cost via warranty !",{},set(),"[0, 0, 0, 0, 0, 0, 0, 0, 0, 0, 0, 0, 0, 0, 0, 0, 0, 0, 0, 0, 0, 0, 0, 0, 0, 0, 0, 0, 0, 0, 0]"
53,they would n't repair my camera unless if i pay $ 100 for parts ? and labor !,{},set(),"[0, 0, 0, 0, 0, 0, 0, 0, 0, 0, 0, 0, 0, 0, 0, 0, 0, 0, 0, 0, 0, 0, 0, 0, 0, 0, 0, 0, 0, 0, 0]"
54,"it is a good camera in terms of the function and quality , but take your chance with it because nikon absolutely sucks when it comes to customer service .","{'customer service': 'negative', 'camera': 'positive'}","{('camera', 'positive')}","[0, 0, 0, 1, 0, 0, 0, 0, 0, 0, 0, 0, 0, 0, 0, 0, 0, 0, 0, 0, 0, 0, 0, 0, 0, 0, 0, 0, 0, 0, 0]"
55,"got a "" system error "" problem 30 days after purchase .",{'system error': 'negative'},set(),"[0, 0, 0, 0, 0, 0, 0, 0, 0, 0, 0, 0, 0, 0, 0, 0, 0, 0, 0, 0, 0, 0, 0, 0, 0, 0, 0, 0, 0, 0, 0]"
56,made the camera totally inoperable .,{'camera': 'negative'},"{('camera', 'negative')}","[0, 1, 0, 0, 0, 0, 0, 0, 0, 0, 0, 0, 0, 0, 0, 0, 0, 0, 0, 0, 0, 0, 0, 0, 0, 0, 0, 0, 0, 0, 0]"
57,"also , the lens cap design is flawed .",{'lens cap': 'negative'},set(),"[0, 0, 0, 0, 0, 0, 0, 0, 0, 0, 0, 0, 0, 0, 0, 0, 0, 0, 0, 0, 0, 0, 0, 0, 0, 0, 0, 0, 0, 0, 0]"
58,you have to manually take the cap off in order to use it .,{},set(),"[0, 0, 0, 0, 0, 0, 0, 0, 0, 0, 0, 0, 0, 0, 0, 0, 0, 0, 0, 0, 0, 0, 0, 0, 0, 0, 0, 0, 0, 0, 0]"
59,audio on video also lacking .,{'audio': 'negative'},set(),"[0, 0, 0, 0, 0, 0, 0, 0, 0, 0, 0, 0, 0, 0, 0, 0, 0, 0, 0, 0, 0, 0, 0, 0, 0, 0, 0, 0, 0, 0, 0]"
60,"otherwise , it takes very good pictures ; shutter delay is n't so bad either .","{'picture': 'positive', 'delay': 'positive'}",set(),"[0, 0, 0, 0, 0, 0, 0, 0, 0, 0, 0, 0, 0, 0, 0, 0, 0, 0, 0, 0, 0, 0, 0, 0, 0, 0, 0, 0, 0, 0, 0]"
61,"still , had to send it back to nikon for repair .",{},set(),"[0, 0, 0, 0, 0, 0, 0, 0, 0, 0, 0, 0, 0, 0, 0, 0, 0, 0, 0, 0, 0, 0, 0, 0, 0, 0, 0, 0, 0, 0, 0]"
62,i am an amateur photographer and here is a piece of advise to all the folks who are thinking about making a move the digital world .,{},set(),"[0, 0, 0, 0, 0, 0, 0, 0, 0, 0, 0, 0, 0, 0, 0, 0, 0, 0, 0, 0, 0, 0, 0, 0, 0, 0, 0, 0, 0, 0, 0]"
63,"nikon 4300 , i feel , is the best camera out there for the features and price .",{'camera': 'positive'},"{('camera', 'positive')}","[0, 0, 0, 1, 0, 0, 0, 0, 0, 0, 0, 0, 0, 0, 0, 0, 0, 0, 0, 0, 0, 0, 0, 0, 0, 0, 0, 0, 0, 0, 0]"
64,here were my requirements in a digital camera :,{},set(),"[0, 0, 0, 0, 0, 0, 0, 0, 0, 0, 0, 0, 0, 0, 0, 0, 0, 0, 0, 0, 0, 0, 0, 0, 0, 0, 0, 0, 0, 0, 0]"
65,"1 . i had initially thought of buying a 2 or 3 megapixel camera but these are good for 4x6 "" or 5x7 "" prints and i wanted some really great 8x10 "" photos once in a while .",{},set(),"[0, 0, 0, 0, 0, 0, 0, 0, 0, 0, 0, 0, 0, 0, 0, 0, 0, 0, 0, 0, 0, 0, 0, 0, 0, 0, 0, 0, 0, 0, 0]"
66,2 . i did not want a very small camera as it seems to get lost in my hands and i was n't comfortable with that .,{},set(),"[0, 0, 0, 0, 0, 0, 0, 0, 0, 0, 0, 0, 0, 0, 0, 0, 0, 0, 0, 0, 0, 0, 0, 0, 0, 0, 0, 0, 0, 0, 0]"
67,i wanted a decent sized camera with a contour for my fingers to hold it steadily .,{},set(),"[0, 0, 0, 0, 0, 0, 0, 0, 0, 0, 0, 0, 0, 0, 0, 0, 0, 0, 0, 0, 0, 0, 0, 0, 0, 0, 0, 0, 0, 0, 0]"
68,"3 . i wanted a camera that had a lot of built-in settings for different types of suroundings while giving me an option to use my photography skills although , i am an amateur with an interest in photography by turning on the manual settings .",{},set(),"[0, 0, 0, 0, 0, 0, 0, 0, 0, 0, 0, 0, 0, 0, 0, 0, 0, 0, 0, 0, 0, 0, 0, 0, 0, 0, 0, 0, 0, 0, 0]"
69,"4 . and , of course , i wanted a respected brand and had to stay within my budget because i had bought an expensive camcorder before but had n't used it much .",{},set(),"[0, 0, 0, 0, 0, 0, 0, 0, 0, 0, 0, 0, 0, 0, 0, 0, 0, 0, 0, 0, 0, 0, 0, 0, 0, 0, 0, 0, 0, 0, 0]"
70,"depending on all the above requirements , i had narrowed down my search to nikon 4300 and canon powershot s400 models .",{},set(),"[0, 0, 0, 0, 0, 0, 0, 0, 0, 0, 0, 0, 0, 0, 0, 0, 0, 0, 0, 0, 0, 0, 0, 0, 0, 0, 0, 0, 0, 0, 0]"
71,"nikon got the final nod for its settings auto and manual along with movie modes , medium; compact size , price , brand name , good software that is included and previous reviews .",{},set(),"[0, 0, 0, 0, 0, 0, 0, 0, 0, 0, 0, 0, 0, 0, 0, 0, 0, 0, 0, 0, 0, 0, 0, 0, 0, 0, 0, 0, 0, 0, 0]"
72,i should say i have been very happy with my decision ever since .,{},set(),"[0, 0, 0, 0, 0, 0, 0, 0, 0, 0, 0, 0, 0, 0, 0, 0, 0, 0, 0, 0, 0, 0, 0, 0, 0, 0, 0, 0, 0, 0, 0]"
73,the pictures are absolutely amazing - the camera captures the minutest of details .,{'picture': 'positive'},set(),"[0, 0, 0, 0, 0, 0, 0, 0, 0, 0, 0, 0, 0, 0, 0, 0, 0, 0, 0, 0, 0, 0, 0, 0, 0, 0, 0, 0, 0, 0, 0]"
74,a few things that might make it even better :,{},set(),"[0, 0, 0, 0, 0, 0, 0, 0, 0, 0, 0, 0, 0, 0, 0, 0, 0, 0, 0, 0, 0, 0, 0, 0, 0, 0, 0, 0, 0, 0, 0]"
75,1 . pictures taken in an indoor setting are a little dull and rarely hazy if you tend to take photographs from a distance .,{'indoor picture': 'negative'},set(),"[0, 0, 0, 0, 0, 0, 0, 0, 0, 0, 0, 0, 0, 0, 0, 0, 0, 0, 0, 0, 0, 0, 0, 0, 0, 0, 0, 0, 0, 0, 0]"
76,3 . the pictures come out hazy if your hands shake even for a moment during the entire process of taking a picture .,{'picture': 'negative'},set(),"[0, 0, 0, 0, 0, 0, 0, 0, 0, 0, 0, 0, 0, 0, 0, 0, 0, 0, 0, 0, 0, 0, 0, 0, 0, 0, 0, 0, 0, 0, 0]"
77,"all the above , i think , are problems with all the digital cameras out there and so i have no major complaints .",{},set(),"[0, 0, 0, 0, 0, 0, 0, 0, 0, 0, 0, 0, 0, 0, 0, 0, 0, 0, 0, 0, 0, 0, 0, 0, 0, 0, 0, 0, 0, 0, 0]"
78,try to buy a tripod and that should solve some of those problems .,{},set(),"[0, 0, 0, 0, 0, 0, 0, 0, 0, 0, 0, 0, 0, 0, 0, 0, 0, 0, 0, 0, 0, 0, 0, 0, 0, 0, 0, 0, 0, 0, 0]"
79,"whichever camera you buy , add upto about 200 dollars for an additional memory card i bought a 256 mb card , usb card reader , camera bag and the warranty .",{},set(),"[0, 0, 0, 0, 0, 0, 0, 0, 0, 0, 0, 0, 0, 0, 0, 0, 0, 0, 0, 0, 0, 0, 0, 0, 0, 0, 0, 0, 0, 0, 0]"
80,"and finally , get your pictures developed at a kodak picture maker machine even though it costs you a little extra - no one can beat kodak processing in terms of clarity and brightness .",{},set(),"[0, 0, 0, 0, 0, 0, 0, 0, 0, 0, 0, 0, 0, 0, 0, 0, 0, 0, 0, 0, 0, 0, 0, 0, 0, 0, 0, 0, 0, 0, 0]"
81,hope this review has helped you in making up your mind .,{},set(),"[0, 0, 0, 0, 0, 0, 0, 0, 0, 0, 0, 0, 0, 0, 0, 0, 0, 0, 0, 0, 0, 0, 0, 0, 0, 0, 0, 0, 0, 0, 0]"
82,i have taken about 150 photographs so far and have absolutely loved the experience .,{},set(),"[0, 0, 0, 0, 0, 0, 0, 0, 0, 0, 0, 0, 0, 0, 0, 0, 0, 0, 0, 0, 0, 0, 0, 0, 0, 0, 0, 0, 0, 0, 0]"
83,i am looking forward to my vegas trip for some great photographs now .,{},set(),"[0, 0, 0, 0, 0, 0, 0, 0, 0, 0, 0, 0, 0, 0, 0, 0, 0, 0, 0, 0, 0, 0, 0, 0, 0, 0, 0, 0, 0, 0, 0]"
84,"with our compact 35mm broken , and a vacation in europe at hand , i finally decided to enter the digital age .",{},set(),"[0, 0, 0, 0, 0, 0, 0, 0, 0, 0, 0, 0, 0, 0, 0, 0, 0, 0, 0, 0, 0, 0, 0, 0, 0, 0, 0, 0, 0, 0, 0]"
85,"i first intended to buy the 3100 , but am really happy to invest the extra money for the 4300 .",{},set(),"[0, 0, 0, 0, 0, 0, 0, 0, 0, 0, 0, 0, 0, 0, 0, 0, 0, 0, 0, 0, 0, 0, 0, 0, 0, 0, 0, 0, 0, 0, 0]"
86,"the lense is a lot better , and the 4mb produce fantastic pictures .",{},set(),"[0, 0, 0, 0, 0, 0, 0, 0, 0, 0, 0, 0, 0, 0, 0, 0, 0, 0, 0, 0, 0, 0, 0, 0, 0, 0, 0, 0, 0, 0, 0]"
87,"the possibilities with auto , manual , and the very helpful "" scene "" mode , which offers 11 optimized situational settings like portrait , landscape , beach / snow , sunset etc. , are endless .","{'manual mode': 'positive', 'scene mode': 'positive', 'auto mode': 'positive'}",set(),"[0, 0, 0, 0, 0, 0, 0, 0, 0, 0, 0, 0, 0, 0, 0, 0, 0, 0, 0, 0, 0, 0, 0, 0, 0, 0, 0, 0, 0, 0, 0]"
88,the movie mode is also working great .,{'movie mode': 'positive'},"{('movie mode', 'positive')}","[0, 1, 0, 0, 0, 0, 0, 0, 0, 0, 0, 0, 0, 0, 0, 0, 0, 0, 0, 0, 0, 0, 0, 0, 0, 0, 0, 0, 0, 0, 0]"
89,"the 4300 comes with excellent easy to install software i use it on xp and win98 without problem , battery charger , usb and video cable .",{'software': 'positive'},"{('software', 'positive')}","[0, 0, 0, 0, 0, 0, 0, 0, 0, 0, 0, 0, 0, 0, 0, 0, 0, 0, 0, 0, 0, 0, 0, 0, 0, 0, 0, 0, 1, 0, 0]"
90,"a 64mb flash card camera comes with a 16mb holds 52 pictures on "" normal "" resolution .",{},set(),"[0, 0, 0, 0, 0, 0, 0, 0, 0, 0, 0, 0, 0, 0, 0, 0, 0, 0, 0, 0, 0, 0, 0, 0, 0, 0, 0, 0, 0, 0, 0]"
91,"i experimented with online print ordering with the two major us brick and mortar retailers , and they both delivered great results .",{'print': 'positive'},"{('print', 'positive'), ('results', 'positive')}","[0, 0, 0, 1, 0, 0, 0, 0, 0, 0, 0, 0, 0, 0, 0, 0, 0, 0, 0, 0, 0, 0, 0, 0, 0, 0, 0, 0, 0, 0, 0]"
92,"even at the "" normal "" setting , a 8x10 print ! shows not a single sign of visible rendering or pixels - you could never tell that the picture has been taken by a "" digital "" .",{'print': 'positive'},set(),"[0, 0, 0, 0, 0, 0, 0, 0, 0, 0, 0, 0, 0, 0, 0, 0, 0, 0, 0, 0, 0, 0, 0, 0, 0, 0, 0, 0, 0, 0, 0]"
93,"the battery life is ok , but can be somewhat short when working a lot with the monitor on .",{'battery life': 'positive'},"{('battery life', 'positive')}","[0, 1, 0, 0, 0, 0, 0, 0, 0, 0, 0, 0, 0, 0, 0, 0, 0, 0, 0, 0, 0, 0, 0, 0, 0, 0, 0, 0, 0, 0, 0]"
94,"i therefore bought a second battery as a backup , and due to the lightingfast charging with the included charger , which by the way works on 110v as well as 220v in europe , we ran never out of "" juice "" .",{},set(),"[0, 0, 0, 0, 0, 0, 0, 0, 0, 0, 0, 0, 0, 0, 0, 0, 0, 0, 0, 0, 0, 0, 0, 0, 0, 0, 0, 0, 0, 0, 0]"
95,"i highly recommend the accessory kit , which provides you with everything else you need :",{},set(),"[0, 0, 0, 0, 0, 0, 0, 0, 0, 0, 0, 0, 0, 0, 0, 0, 0, 0, 0, 0, 0, 0, 0, 0, 0, 0, 0, 0, 0, 0, 0]"
96,"a nice camera bag , which holds camera plus all the cables and the charger .",{},set(),"[0, 0, 0, 0, 0, 0, 0, 0, 0, 0, 0, 0, 0, 0, 0, 0, 0, 0, 0, 0, 0, 0, 0, 0, 0, 0, 0, 0, 0, 0, 0]"
97,"furher it contains a card reader , a flash card folder for up to 8 cards , a lense cleaning rag , and an ac adapter , which is very helpful when working in an "" outlet environment "" .",{},set(),"[0, 0, 0, 0, 0, 0, 0, 0, 0, 0, 0, 0, 0, 0, 0, 0, 0, 0, 0, 0, 0, 0, 0, 0, 0, 0, 0, 0, 0, 0, 0]"
98,"over all a fantastic very compact camera , which made us experience photography on a totally new level !",{'camera': 'positive'},"{('camera', 'positive'), ('level', 'positive')}","[0, 0, 0, 1, 0, 0, 0, 0, 0, 0, 0, 0, 0, 0, 0, 0, 0, 0, 0, 0, 0, 0, 0, 0, 0, 0, 0, 0, 0, 0, 0]"
99,"after reading all the glowing review on this camera , i went to my local camera shop to try one .",{},set(),"[0, 0, 0, 0, 0, 0, 0, 0, 0, 0, 0, 0, 0, 0, 0, 0, 0, 0, 0, 0, 0, 0, 0, 0, 0, 0, 0, 0, 0, 0, 0]"
100,i currently own an olympus d-550 which takes wonderful outdoor pictures .,{},set(),"[0, 0, 0, 0, 0, 0, 0, 0, 0, 0, 0, 0, 0, 0, 0, 0, 0, 0, 0, 0, 0, 0, 0, 0, 0, 0, 0, 0, 0, 0, 0]"
101,"however , indoor pictures of subjects more than a few feet away can be blurry or grainy .",{},set(),"[0, 0, 0, 0, 0, 0, 0, 0, 0, 0, 0, 0, 0, 0, 0, 0, 0, 0, 0, 0, 0, 0, 0, 0, 0, 0, 0, 0, 0, 0, 0]"
102,"anyway , in the store , i tried coolpix 4300 along with two other 4mp models minolta dimage s414 , and panasonic lumix .",{},set(),"[0, 0, 0, 0, 0, 0, 0, 0, 0, 0, 0, 0, 0, 0, 0, 0, 0, 0, 0, 0, 0, 0, 0, 0, 0, 0, 0, 0, 0, 0, 0]"
103,"focusing on a display rack about 20 feet away in a brightly lit room during day time , pictures produced by this camera were blurry and in a shade of orange .",{'picture': 'negative'},set(),"[0, 0, 0, 0, 0, 0, 0, 0, 0, 0, 0, 0, 0, 0, 0, 0, 0, 0, 0, 0, 0, 0, 0, 0, 0, 0, 0, 0, 0, 0, 0]"
104,pictures produced by the minolta were orange but not blurry .,{},set(),"[0, 0, 0, 0, 0, 0, 0, 0, 0, 0, 0, 0, 0, 0, 0, 0, 0, 0, 0, 0, 0, 0, 0, 0, 0, 0, 0, 0, 0, 0, 0]"
105,pictures produced by the panasonic were excellent .,{},set(),"[0, 0, 0, 0, 0, 0, 0, 0, 0, 0, 0, 0, 0, 0, 0, 0, 0, 0, 0, 0, 0, 0, 0, 0, 0, 0, 0, 0, 0, 0, 0]"
106,"the store clerk concluded that the blurriness may be caused by shaking the camera slightly when i press the button , which is understandable since this camera is lighter than the other two models .",{},set(),"[0, 0, 0, 0, 0, 0, 0, 0, 0, 0, 0, 0, 0, 0, 0, 0, 0, 0, 0, 0, 0, 0, 0, 0, 0, 0, 0, 0, 0, 0, 0]"
107,"anyway , i ended up purchasing the lumix .",{},set(),"[0, 0, 0, 0, 0, 0, 0, 0, 0, 0, 0, 0, 0, 0, 0, 0, 0, 0, 0, 0, 0, 0, 0, 0, 0, 0, 0, 0, 0, 0, 0]"
108,i 'm sure that this camera has all the wonderful features that others talk about .,{},set(),"[0, 0, 0, 0, 0, 0, 0, 0, 0, 0, 0, 0, 0, 0, 0, 0, 0, 0, 0, 0, 0, 0, 0, 0, 0, 0, 0, 0, 0, 0, 0]"
109,"however , as an average person with unsteady hands , i doubt it 'll perform well in lower light settings .",{},set(),"[0, 0, 0, 0, 0, 0, 0, 0, 0, 0, 0, 0, 0, 0, 0, 0, 0, 0, 0, 0, 0, 0, 0, 0, 0, 0, 0, 0, 0, 0, 0]"
110,i purchased the nikon 4300 after several weeks of searching .,{},set(),"[0, 0, 0, 0, 0, 0, 0, 0, 0, 0, 0, 0, 0, 0, 0, 0, 0, 0, 0, 0, 0, 0, 0, 0, 0, 0, 0, 0, 0, 0, 0]"
111,"the value , name , and resolution signed the lease .",{},set(),"[0, 0, 0, 0, 0, 0, 0, 0, 0, 0, 0, 0, 0, 0, 0, 0, 0, 0, 0, 0, 0, 0, 0, 0, 0, 0, 0, 0, 0, 0, 0]"
112,after nearly 800 pictures i have found that this nikon takes incredible pictures .,{'picture': 'positive'},set(),"[0, 0, 0, 0, 0, 0, 0, 0, 0, 0, 0, 0, 0, 0, 0, 0, 0, 0, 0, 0, 0, 0, 0, 0, 0, 0, 0, 0, 0, 0, 0]"
113,"the digital zoom takes as good of pictures , as the optical zoom does !","{'digital zoom': 'positive', 'optical zoom': 'positive'}","{('digital zoom', 'positive'), ('optical zoom', 'positive')}","[0, 1, 0, 0, 0, 0, 0, 0, 0, 0, 0, 0, 0, 0, 0, 0, 0, 0, 0, 0, 0, 0, 0, 0, 0, 0, 0, 0, 0, 0, 0]"
114,"the inside pics , can be a bit challenging , but when you can instantly delete pics you dont like , that are not focused perfectly , or need lighting adjustments , make this camera very simple and effective .",{'picture': 'negative'},set(),"[0, 0, 0, 0, 0, 0, 0, 0, 0, 0, 0, 0, 0, 0, 0, 0, 0, 0, 0, 0, 0, 0, 0, 0, 0, 0, 0, 0, 0, 0, 0]"
115,"i love all of the features , and presets as well .",{'feature': 'positive'},set(),"[0, 0, 0, 0, 0, 0, 0, 0, 0, 0, 0, 0, 0, 0, 0, 0, 0, 0, 0, 0, 0, 0, 0, 0, 0, 0, 0, 0, 0, 0, 0]"
116,"sunset feature takes incredible pics in the morning , and the evening !",{'sunset feature': 'positive'},"{('sunset feature', 'positive')}","[0, 1, 0, 0, 0, 0, 0, 0, 0, 0, 0, 0, 0, 0, 0, 0, 0, 0, 0, 0, 0, 0, 0, 0, 0, 0, 0, 0, 0, 0, 0]"
117,the software you get with this camera is perfect .,{'software': 'positive'},set(),"[0, 0, 0, 0, 0, 0, 0, 0, 0, 0, 0, 0, 0, 0, 0, 0, 0, 0, 0, 0, 0, 0, 0, 0, 0, 0, 0, 0, 0, 0, 0]"
118,"touchups , redeye , and so on are very easy to alter , and correct .","{'redeye': 'positive', 'touchup': 'positive'}",set(),"[0, 0, 0, 0, 0, 0, 0, 0, 0, 0, 0, 0, 0, 0, 0, 0, 0, 0, 0, 0, 0, 0, 0, 0, 0, 0, 0, 0, 0, 0, 0]"
119,i definately recommend a large memory card .,{},set(),"[0, 0, 0, 0, 0, 0, 0, 0, 0, 0, 0, 0, 0, 0, 0, 0, 0, 0, 0, 0, 0, 0, 0, 0, 0, 0, 0, 0, 0, 0, 0]"
120,"i use a 128mb card , and usually get around 70 to 100 pics 1024-1280 res. , with good resolution .",{},set(),"[0, 0, 0, 0, 0, 0, 0, 0, 0, 0, 0, 0, 0, 0, 0, 0, 0, 0, 0, 0, 0, 0, 0, 0, 0, 0, 0, 0, 0, 0, 0]"
121,very large pics take 8mb each !,{},set(),"[0, 0, 0, 0, 0, 0, 0, 0, 0, 0, 0, 0, 0, 0, 0, 0, 0, 0, 0, 0, 0, 0, 0, 0, 0, 0, 0, 0, 0, 0, 0]"
122,"battery life is good , although i recommend two rechargebles , or a alkaline backup , for those emergency pics you have to have .",{'battery life': 'positive'},"{('battery life', 'positive')}","[0, 1, 0, 0, 0, 0, 0, 0, 0, 0, 0, 0, 0, 0, 0, 0, 0, 0, 0, 0, 0, 0, 0, 0, 0, 0, 0, 0, 0, 0, 0]"
123,"all and all , i am extremely pleased with this camera .",{'camera': 'positive'},"{('camera', 'positive')}","[0, 0, 0, 0, 0, 0, 0, 0, 0, 1, 0, 0, 0, 0, 0, 0, 0, 0, 0, 0, 0, 0, 0, 0, 0, 0, 0, 0, 0, 0, 0]"
124,making the step from film to digital has been a great move .,{},set(),"[0, 0, 0, 0, 0, 0, 0, 0, 0, 0, 0, 0, 0, 0, 0, 0, 0, 0, 0, 0, 0, 0, 0, 0, 0, 0, 0, 0, 0, 0, 0]"
125,i find myself emailing pics to everyone i know .,{},set(),"[0, 0, 0, 0, 0, 0, 0, 0, 0, 0, 0, 0, 0, 0, 0, 0, 0, 0, 0, 0, 0, 0, 0, 0, 0, 0, 0, 0, 0, 0, 0]"
126,"great camera , great investment !",{'camera': 'positive'},"{('camera', 'positive')}","[0, 1, 0, 0, 0, 0, 0, 0, 0, 0, 0, 0, 0, 0, 0, 0, 0, 0, 0, 0, 0, 0, 0, 0, 0, 0, 0, 0, 0, 0, 0]"
127,"this is my second digital camera , though i also use one at work and have some experience with several nikon and canon models .",{},set(),"[0, 0, 0, 0, 0, 0, 0, 0, 0, 0, 0, 0, 0, 0, 0, 0, 0, 0, 0, 0, 0, 0, 0, 0, 0, 0, 0, 0, 0, 0, 0]"
128,with an extra battery and a couple of good sized memory cards you are all set for a day of picture taking while on vacation .,{},set(),"[0, 0, 0, 0, 0, 0, 0, 0, 0, 0, 0, 0, 0, 0, 0, 0, 0, 0, 0, 0, 0, 0, 0, 0, 0, 0, 0, 0, 0, 0, 0]"
129,the auto setting does a great job most of the time but there are manual settings for those who want them .,{'auto setting': 'positive'},"{('auto setting', 'positive')}","[0, 0, 0, 0, 0, 0, 0, 0, 0, 0, 0, 0, 0, 0, 0, 0, 0, 0, 0, 0, 1, 0, 0, 0, 0, 0, 0, 0, 0, 0, 0]"
130,"if something were to happen to my nikon coolpix 4300 , i would order another just like it .",{},set(),"[0, 0, 0, 0, 0, 0, 0, 0, 0, 0, 0, 0, 0, 0, 0, 0, 0, 0, 0, 0, 0, 0, 0, 0, 0, 0, 0, 0, 0, 0, 0]"
131,after much research i decided on the nikon coolpix 4300 .,{},set(),"[0, 0, 0, 0, 0, 0, 0, 0, 0, 0, 0, 0, 0, 0, 0, 0, 0, 0, 0, 0, 0, 0, 0, 0, 0, 0, 0, 0, 0, 0, 0]"
132,"it takes excellent pics and is very easy to use , if you read the manual .","{'picture': 'positive', 'ease of use': 'positive'}",set(),"[0, 0, 0, 0, 0, 0, 0, 0, 0, 0, 0, 0, 0, 0, 0, 0, 0, 0, 0, 0, 0, 0, 0, 0, 0, 0, 0, 0, 0, 0, 0]"
133,if you cant get great pics from this camera its because you havent read the manual .,{},set(),"[0, 0, 0, 0, 0, 0, 0, 0, 0, 0, 0, 0, 0, 0, 0, 0, 0, 0, 0, 0, 0, 0, 0, 0, 0, 0, 0, 0, 0, 0, 0]"
134,the only things i have found that i havent liked is that the lcd is hard to read in daylight but everyone elses is too .,{'lcd': 'negative'},"{('things', 'positive'), ('lcd', 'negative')}","[0, 0, 0, 0, 0, 0, 0, 0, 0, 0, 0, 0, 0, 0, 0, 0, 0, 0, 0, 0, 1, 0, 0, 0, 0, 0, 0, 0, 0, 0, 0]"
135,downloads are a snap and quick .,{'download': 'positive'},set(),"[0, 0, 0, 0, 0, 0, 0, 0, 0, 0, 0, 0, 0, 0, 0, 0, 0, 0, 0, 0, 0, 0, 0, 0, 0, 0, 0, 0, 0, 0, 0]"
136,controls easy yo use and easy to get to .,{'control': 'positive'},set(),"[0, 0, 0, 0, 0, 0, 0, 0, 0, 0, 0, 0, 0, 0, 0, 0, 0, 0, 0, 0, 0, 0, 0, 0, 0, 0, 0, 0, 0, 0, 0]"
137,i 'm extremely glad i bought this camera .,{'camera': 'positive'},"{('camera', 'positive')}","[0, 0, 0, 0, 1, 0, 0, 0, 0, 0, 0, 0, 0, 0, 0, 0, 0, 0, 0, 0, 0, 0, 0, 0, 0, 0, 0, 0, 0, 0, 0]"
138,really happy with this little camera .,{'camera': 'positive'},set(),"[0, 0, 0, 0, 0, 0, 0, 0, 0, 0, 0, 0, 0, 0, 0, 0, 0, 0, 0, 0, 0, 0, 0, 0, 0, 0, 0, 0, 0, 0, 0]"
139,"got it for christmas , still learning a few of the settings , but i do n't take pictures every single day .",{},set(),"[0, 0, 0, 0, 0, 0, 0, 0, 0, 0, 0, 0, 0, 0, 0, 0, 0, 0, 0, 0, 0, 0, 0, 0, 0, 0, 0, 0, 0, 0, 0]"
140,"settings for just about everything , beautiful pics and beautiful prints .","{'picture': 'positive', 'print': 'positive'}",set(),"[0, 0, 0, 0, 0, 0, 0, 0, 0, 0, 0, 0, 0, 0, 0, 0, 0, 0, 0, 0, 0, 0, 0, 0, 0, 0, 0, 0, 0, 0, 0]"
141,"i expected the 12x digital zoom to be grainy , but onfull size high to fine quality , the zoomed images are quite impressive .",{'zoomed image': 'positive'},set(),"[0, 0, 0, 0, 0, 0, 0, 0, 0, 0, 0, 0, 0, 0, 0, 0, 0, 0, 0, 0, 0, 0, 0, 0, 0, 0, 0, 0, 0, 0, 0]"
142,"did buy a 256mb compact flash , it holds a lot of pics at any resolution .",{},set(),"[0, 0, 0, 0, 0, 0, 0, 0, 0, 0, 0, 0, 0, 0, 0, 0, 0, 0, 0, 0, 0, 0, 0, 0, 0, 0, 0, 0, 0, 0, 0]"
143,"i only wish you could get high quality tiff images at all resolutions , but does n't seem any of the buget cameras do .",{},set(),"[0, 0, 0, 0, 0, 0, 0, 0, 0, 0, 0, 0, 0, 0, 0, 0, 0, 0, 0, 0, 0, 0, 0, 0, 0, 0, 0, 0, 0, 0, 0]"
144,"still , at least from my perspective , a great camera for the money , and i 'm a happy camper !",{'camera': 'positive'},"{('camera', 'positive')}","[0, 0, 0, 0, 0, 0, 0, 0, 0, 0, 1, 0, 0, 0, 0, 0, 0, 0, 0, 0, 0, 0, 0, 0, 0, 0, 0, 0, 0, 0, 0]"
145,this is a wonderful camera .,{'camera': 'positive'},"{('camera', 'positive')}","[0, 0, 0, 1, 0, 0, 0, 0, 0, 0, 0, 0, 0, 0, 0, 0, 0, 0, 0, 0, 0, 0, 0, 0, 0, 0, 0, 0, 0, 0, 0]"
146,my wife and i read and read and read reviews on different cameras for months .,{},set(),"[0, 0, 0, 0, 0, 0, 0, 0, 0, 0, 0, 0, 0, 0, 0, 0, 0, 0, 0, 0, 0, 0, 0, 0, 0, 0, 0, 0, 0, 0, 0]"
147,in the end this is the one that we decided upon and since have never had buyer 's remorse .,{},set(),"[0, 0, 0, 0, 0, 0, 0, 0, 0, 0, 0, 0, 0, 0, 0, 0, 0, 0, 0, 0, 0, 0, 0, 0, 0, 0, 0, 0, 0, 0, 0]"
148,"4 mp gives you room for the future gaining experience ; cost offsets over time from wanting more in a camera , 3x optical and the fact that it carries nikon 's quality reputation behind it make the whole package prove itself worthwile at the price .","{'mp': 'positive', 'optical zoom': 'positive'}","{('mp', 'positive'), ('whole package', 'positive')}","[0, 1, 0, 0, 0, 0, 0, 0, 0, 0, 0, 0, 0, 0, 0, 0, 0, 0, 0, 0, 0, 0, 0, 0, 0, 0, 0, 0, 0, 0, 0]"
149,one neat thing - i have taken some pictures in what i thought would be impossible lighting conditions pitch black rooms - no problem for the camera - rooms looked like they had ample lighting .,{'picture': 'positive'},set(),"[0, 0, 0, 0, 0, 0, 0, 0, 0, 0, 0, 0, 0, 0, 0, 0, 0, 0, 0, 0, 0, 0, 0, 0, 0, 0, 0, 0, 0, 0, 0]"
150,this little camera has created a marriage between myself and nikon. never knew i could love a digital camera so much .,{'camera': 'positive'},"{('camera', 'positive')}","[0, 0, 0, 0, 0, 0, 0, 0, 0, 0, 0, 0, 0, 0, 0, 0, 0, 0, 0, 0, 0, 0, 0, 0, 0, 0, 0, 0, 0, 1, 0]"
151,the software that comes with it is amazing and the online service that comes free is really very neat. clean clear and well focused on over 95 % of all photos taken by a beginner .,"{'software': 'positive', 'online service': 'positive'}","{('software', 'positive'), ('online service', 'positive')}","[0, 0, 1, 0, 0, 0, 0, 1, 0, 0, 0, 0, 0, 0, 0, 0, 0, 0, 0, 0, 0, 0, 0, 0, 0, 0, 0, 0, 0, 0, 0]"
152,100 % perfect if you put some thought and time into reading the manual before you take the photos .,{},set(),"[0, 0, 0, 0, 0, 0, 0, 0, 0, 0, 0, 0, 0, 0, 0, 0, 0, 0, 0, 0, 0, 0, 0, 0, 0, 0, 0, 0, 0, 0, 0]"
153,i took the camera and just gave it to someone .,{},set(),"[0, 0, 0, 0, 0, 0, 0, 0, 0, 0, 0, 0, 0, 0, 0, 0, 0, 0, 0, 0, 0, 0, 0, 0, 0, 0, 0, 0, 0, 0, 0]"
154,no instructions .,{},set(),"[0, 0, 0, 0, 0, 0, 0, 0, 0, 0, 0, 0, 0, 0, 0, 0, 0, 0, 0, 0, 0, 0, 0, 0, 0, 0, 0, 0, 0, 0, 0]"
155,just point and shoot and the photos were great .,{'photo': 'positive'},set(),"[0, 0, 0, 0, 0, 0, 0, 0, 0, 0, 0, 0, 0, 0, 0, 0, 0, 0, 0, 0, 0, 0, 0, 0, 0, 0, 0, 0, 0, 0, 0]"
156,just imagine if you place a bit of knowledge when you take your photos .,{},set(),"[0, 0, 0, 0, 0, 0, 0, 0, 0, 0, 0, 0, 0, 0, 0, 0, 0, 0, 0, 0, 0, 0, 0, 0, 0, 0, 0, 0, 0, 0, 0]"
157,the memory card fit nicely since i also have a pocket pc and it automatically installed a picture software on my pda wolla .,{'memory card': 'positive'},set(),"[0, 0, 0, 0, 0, 0, 0, 0, 0, 0, 0, 0, 0, 0, 0, 0, 0, 0, 0, 0, 0, 0, 0, 0, 0, 0, 0, 0, 0, 0, 0]"
158,my pda becames a digital album .,{},set(),"[0, 0, 0, 0, 0, 0, 0, 0, 0, 0, 0, 0, 0, 0, 0, 0, 0, 0, 0, 0, 0, 0, 0, 0, 0, 0, 0, 0, 0, 0, 0]"
159,i have a 128mb card in it and can shoot over 150 hi res photos .,{},set(),"[0, 0, 0, 0, 0, 0, 0, 0, 0, 0, 0, 0, 0, 0, 0, 0, 0, 0, 0, 0, 0, 0, 0, 0, 0, 0, 0, 0, 0, 0, 0]"
160,"if you have to buy a camera on a buget, this has got to be the one .",{'camera': 'positive'},"{('camera', 'positive')}","[0, 0, 0, 0, 0, 0, 0, 0, 0, 0, 1, 0, 0, 0, 0, 0, 0, 0, 0, 0, 0, 0, 0, 0, 0, 0, 0, 0, 0, 0, 0]"
161,go get it .,{},set(),"[0, 0, 0, 0, 0, 0, 0, 0, 0, 0, 0, 0, 0, 0, 0, 0, 0, 0, 0, 0, 0, 0, 0, 0, 0, 0, 0, 0, 0, 0, 0]"
162,before they are sold out !,{},set(),"[0, 0, 0, 0, 0, 0, 0, 0, 0, 0, 0, 0, 0, 0, 0, 0, 0, 0, 0, 0, 0, 0, 0, 0, 0, 0, 0, 0, 0, 0, 0]"
163,"great camera , i have been using this for several months and got excellent results , simple friendly usage , in many scenes indoor , outdoor , snow , close up macro etc.",{'camera': 'positive'},"{('camera', 'positive'), ('many scenes indoor', 'positive'), ('results', 'positive'), ('several months', 'negative')}","[0, 1, 0, 0, 0, 0, 0, 0, 0, 0, 0, 0, 0, 0, 0, 0, 0, 0, 0, 0, 0, 0, 0, 0, 0, 0, 0, 0, 0, 0, 0]"
164,i bought my nikon coolpix4300 about a week ago .,{},set(),"[0, 0, 0, 0, 0, 0, 0, 0, 0, 0, 0, 0, 0, 0, 0, 0, 0, 0, 0, 0, 0, 0, 0, 0, 0, 0, 0, 0, 0, 0, 0]"
165,this is my first digital camera and i can say that i am quite impressed with the features that it has .,"{'camera': 'positive', 'feature': 'positive'}","{('camera', 'positive')}","[0, 0, 0, 1, 0, 0, 0, 0, 0, 0, 0, 0, 0, 0, 0, 0, 0, 0, 0, 0, 0, 0, 0, 0, 0, 0, 0, 0, 0, 0, 0]"
166,i particularly like the way it aids me in taking my macro shots .,{'macro': 'positive'},set(),"[0, 0, 0, 0, 0, 0, 0, 0, 0, 0, 0, 0, 0, 0, 0, 0, 0, 0, 0, 0, 0, 0, 0, 0, 0, 0, 0, 0, 0, 0, 0]"
167,my friends were impressed with the quality of the pictures i took !,{'picture quality': 'positive'},set(),"[0, 0, 0, 0, 0, 0, 0, 0, 0, 0, 0, 0, 0, 0, 0, 0, 0, 0, 0, 0, 0, 0, 0, 0, 0, 0, 0, 0, 0, 0, 0]"
168,one downside though is that autofocus does not work well when battery is low .,{'autofocus': 'negative'},"{('battery', 'positive'), ('downside though', 'positive'), ('autofocus', 'negative')}","[0, 1, 0, 0, 0, 0, 0, 0, 0, 0, 0, 0, 0, 0, 0, 0, 0, 0, 0, 0, 0, 0, 0, 0, 0, 0, 0, 0, 0, 0, 0]"
169,i assume this is the case for most cameras since it does not have enough power to do autofocus .,{},set(),"[0, 0, 0, 0, 0, 0, 0, 0, 0, 0, 0, 0, 0, 0, 0, 0, 0, 0, 0, 0, 0, 0, 0, 0, 0, 0, 0, 0, 0, 0, 0]"
170,battery life is ok .,{'battery life': 'positive'},"{('battery life', 'positive')}","[0, 1, 0, 0, 0, 0, 0, 0, 0, 0, 0, 0, 0, 0, 0, 0, 0, 0, 0, 0, 0, 0, 0, 0, 0, 0, 0, 0, 0, 0, 0]"
171,i plan on buying a second battery and a larger cf for it .,{},set(),"[0, 0, 0, 0, 0, 0, 0, 0, 0, 0, 0, 0, 0, 0, 0, 0, 0, 0, 0, 0, 0, 0, 0, 0, 0, 0, 0, 0, 0, 0, 0]"
172,"great camera , and for the price you can 't beat it .",{'camera': 'positive'},"{('camera', 'positive')}","[0, 0, 0, 1, 0, 0, 0, 0, 0, 0, 0, 0, 0, 0, 0, 0, 0, 0, 0, 0, 0, 0, 0, 0, 0, 0, 0, 0, 0, 0, 0]"
173,i 've been using it for about 3 months now .,{},set(),"[0, 0, 0, 0, 0, 0, 0, 0, 0, 0, 0, 0, 0, 0, 0, 0, 0, 0, 0, 0, 0, 0, 0, 0, 0, 0, 0, 0, 0, 0, 0]"
174,i found the controls very intuitive and learned how to manuver through the menus quickly .,{'control': 'positive'},set(),"[0, 0, 0, 0, 0, 0, 0, 0, 0, 0, 0, 0, 0, 0, 0, 0, 0, 0, 0, 0, 0, 0, 0, 0, 0, 0, 0, 0, 0, 0, 0]"
175,the quality is superb .,{'quality': 'positive'},set(),"[0, 0, 0, 0, 0, 0, 0, 0, 0, 0, 0, 0, 0, 0, 0, 0, 0, 0, 0, 0, 0, 0, 0, 0, 0, 0, 0, 0, 0, 0, 0]"
176,"the small size is perfect for my little hands , but may perhaps be uncomfortable or awkward for a bigger person .",{'size': 'positive'},set(),"[0, 0, 0, 0, 0, 0, 0, 0, 0, 0, 0, 0, 0, 0, 0, 0, 0, 0, 0, 0, 0, 0, 0, 0, 0, 0, 0, 0, 0, 0, 0]"
177,"we use older versions 880 , 885 of this model in the office and i find them to produce excellent quality photos .",{},set(),"[0, 0, 0, 0, 0, 0, 0, 0, 0, 0, 0, 0, 0, 0, 0, 0, 0, 0, 0, 0, 0, 0, 0, 0, 0, 0, 0, 0, 0, 0, 0]"
178,"the 4300 is a very durable , compact package , and i find nikon to be a brand that i can trust .",{'nikon': 'positive'},set(),"[0, 0, 0, 0, 0, 0, 0, 0, 0, 0, 0, 0, 0, 0, 0, 0, 0, 0, 0, 0, 0, 0, 0, 0, 0, 0, 0, 0, 0, 0, 0]"
179,it comes with a 16mb flash card that you will need to upgrade !,{},set(),"[0, 0, 0, 0, 0, 0, 0, 0, 0, 0, 0, 0, 0, 0, 0, 0, 0, 0, 0, 0, 0, 0, 0, 0, 0, 0, 0, 0, 0, 0, 0]"
180,"we got a 256mb card , and have been hard-pressed to fill it over a weekend .",{},set(),"[0, 0, 0, 0, 0, 0, 0, 0, 0, 0, 0, 0, 0, 0, 0, 0, 0, 0, 0, 0, 0, 0, 0, 0, 0, 0, 0, 0, 0, 0, 0]"
181,the only drawbacks that i have noticed :,{},set(),"[0, 0, 0, 0, 0, 0, 0, 0, 0, 0, 0, 0, 0, 0, 0, 0, 0, 0, 0, 0, 0, 0, 0, 0, 0, 0, 0, 0, 0, 0, 0]"
182,"it comes with a rechargable battery that does not seem to last all that long , especially if you use the flash a lot .",{'battery': 'negative'},set(),"[0, 0, 0, 0, 0, 0, 0, 0, 0, 0, 0, 0, 0, 0, 0, 0, 0, 0, 0, 0, 0, 0, 0, 0, 0, 0, 0, 0, 0, 0, 0]"
183,"so , it 's a good idea to purchase an extra battery to insure that you are not left hanging .",{},set(),"[0, 0, 0, 0, 0, 0, 0, 0, 0, 0, 0, 0, 0, 0, 0, 0, 0, 0, 0, 0, 0, 0, 0, 0, 0, 0, 0, 0, 0, 0, 0]"
184,it does not have an auto-focus assist light which is nice for taking shots in low-light situations it allows the camera to focus in low light .,{'autofocus assist light': 'negative'},set(),"[0, 0, 0, 0, 0, 0, 0, 0, 0, 0, 0, 0, 0, 0, 0, 0, 0, 0, 0, 0, 0, 0, 0, 0, 0, 0, 0, 0, 0, 0, 0]"
185,"i would say that this is not a major issue , but it can be slightly annoying if you care about these things .",{},set(),"[0, 0, 0, 0, 0, 0, 0, 0, 0, 0, 0, 0, 0, 0, 0, 0, 0, 0, 0, 0, 0, 0, 0, 0, 0, 0, 0, 0, 0, 0, 0]"
186,"it has a 3x optical zoom , which is average for these cameras .",{'optical zoom': 'negative'},set(),"[0, 0, 0, 0, 0, 0, 0, 0, 0, 0, 0, 0, 0, 0, 0, 0, 0, 0, 0, 0, 0, 0, 0, 0, 0, 0, 0, 0, 0, 0, 0]"
187,"for more , you sacrifice weight and size : more optical zoom requires more glass and focal length .",{},set(),"[0, 0, 0, 0, 0, 0, 0, 0, 0, 0, 0, 0, 0, 0, 0, 0, 0, 0, 0, 0, 0, 0, 0, 0, 0, 0, 0, 0, 0, 0, 0]"
188,"it does have a digital zoom on top of the optical zoom , but you sacrifice quality .",{},set(),"[0, 0, 0, 0, 0, 0, 0, 0, 0, 0, 0, 0, 0, 0, 0, 0, 0, 0, 0, 0, 0, 0, 0, 0, 0, 0, 0, 0, 0, 0, 0]"
189,"i set the camera to the "" manual "" mode for one main reason :",{},set(),"[0, 0, 0, 0, 0, 0, 0, 0, 0, 0, 0, 0, 0, 0, 0, 0, 0, 0, 0, 0, 0, 0, 0, 0, 0, 0, 0, 0, 0, 0, 0]"
190,in any other mode it autofocuses continuously and burns batteries .,{},set(),"[0, 0, 0, 0, 0, 0, 0, 0, 0, 0, 0, 0, 0, 0, 0, 0, 0, 0, 0, 0, 0, 0, 0, 0, 0, 0, 0, 0, 0, 0, 0]"
191,"in manual , you can set it to "" single af "" where it will focus by depressing the shudder button prior to taking the pic ; this is not really a hinderance , you just have to be familiar with its menus and features .",{},set(),"[0, 0, 0, 0, 0, 0, 0, 0, 0, 0, 0, 0, 0, 0, 0, 0, 0, 0, 0, 0, 0, 0, 0, 0, 0, 0, 0, 0, 0, 0, 0]"
192,"in reality , these are the only drawbacks this camera has , much less than many other models !",{},set(),"[0, 0, 0, 0, 0, 0, 0, 0, 0, 0, 0, 0, 0, 0, 0, 0, 0, 0, 0, 0, 0, 0, 0, 0, 0, 0, 0, 0, 0, 0, 0]"
193,"it is easy to "" focus "" in on the drawbacks , so do n't think i hate this camera .",{},set(),"[0, 0, 0, 0, 0, 0, 0, 0, 0, 0, 0, 0, 0, 0, 0, 0, 0, 0, 0, 0, 0, 0, 0, 0, 0, 0, 0, 0, 0, 0, 0]"
194,it really is an awesome camera that is hard to beat for general-to moderate snapping .,{'camera': 'positive'},"{('camera', 'positive')}","[0, 1, 0, 0, 0, 0, 0, 0, 0, 0, 0, 0, 0, 0, 0, 0, 0, 0, 0, 0, 0, 0, 0, 0, 0, 0, 0, 0, 0, 0, 0]"
195,"for work , we use them in the field often , and they hold up really well .",{},set(),"[0, 0, 0, 0, 0, 0, 0, 0, 0, 0, 0, 0, 0, 0, 0, 0, 0, 0, 0, 0, 0, 0, 0, 0, 0, 0, 0, 0, 0, 0, 0]"
196,they take excellent macro shots as well .,{'macro': 'positive'},set(),"[0, 0, 0, 0, 0, 0, 0, 0, 0, 0, 0, 0, 0, 0, 0, 0, 0, 0, 0, 0, 0, 0, 0, 0, 0, 0, 0, 0, 0, 0, 0]"
197,"the menus and features are easy to manipulate and access , and it takes silent movies .",{'menu': 'positive'},set(),"[0, 0, 0, 0, 0, 0, 0, 0, 0, 0, 0, 0, 0, 0, 0, 0, 0, 0, 0, 0, 0, 0, 0, 0, 0, 0, 0, 0, 0, 0, 0]"
198,"i compared this to a lot of other cameras , believe me , it 's value for money .",{'camera': 'positive'},set(),"[0, 0, 0, 0, 0, 0, 0, 0, 0, 0, 0, 0, 0, 0, 0, 0, 0, 0, 0, 0, 0, 0, 0, 0, 0, 0, 0, 0, 0, 0, 0]"
199,the picturers are amazing .,{'picture': 'positive'},set(),"[0, 0, 0, 0, 0, 0, 0, 0, 0, 0, 0, 0, 0, 0, 0, 0, 0, 0, 0, 0, 0, 0, 0, 0, 0, 0, 0, 0, 0, 0, 0]"
200,"do n't waste time looking at anything else , just buy this one .",{},set(),"[0, 0, 0, 0, 0, 0, 0, 0, 0, 0, 0, 0, 0, 0, 0, 0, 0, 0, 0, 0, 0, 0, 0, 0, 0, 0, 0, 0, 0, 0, 0]"
201,it do n't get any better then the nikon 4300 .,{},set(),"[0, 0, 0, 0, 0, 0, 0, 0, 0, 0, 0, 0, 0, 0, 0, 0, 0, 0, 0, 0, 0, 0, 0, 0, 0, 0, 0, 0, 0, 0, 0]"
202,"i am a nikon fan , and owned and used slr nikon fe , n50 and n90s for many many years .",{},set(),"[0, 0, 0, 0, 0, 0, 0, 0, 0, 0, 0, 0, 0, 0, 0, 0, 0, 0, 0, 0, 0, 0, 0, 0, 0, 0, 0, 0, 0, 0, 0]"
203,"recently bought this coolpix 4300 along with a 256mb ultra flash card . as expected , i happily found that qualities of the picture are excellent with 3m-4m pixel / fine combos and many of the user-friendly functions are very similar to slr models , and with added convenience of a digital camera that you can see pictures immediately .","{'picture quality': 'positive', 'function': 'positive'}",set(),"[0, 0, 0, 0, 0, 0, 0, 0, 0, 0, 0, 0, 0, 0, 0, 0, 0, 0, 0, 0, 0, 0, 0, 0, 0, 0, 0, 0, 0, 0, 0]"
204,"i particularly like the "" txt "" file which records all the control information for all the pictures you take.",{'txt file': 'positive'},set(),"[0, 0, 0, 0, 0, 0, 0, 0, 0, 0, 0, 0, 0, 0, 0, 0, 0, 0, 0, 0, 0, 0, 0, 0, 0, 0, 0, 0, 0, 0, 0]"
205,"try to buy a high capacity ultra card , as it 's 2x as faster as the regular cf card .",{},set(),"[0, 0, 0, 0, 0, 0, 0, 0, 0, 0, 0, 0, 0, 0, 0, 0, 0, 0, 0, 0, 0, 0, 0, 0, 0, 0, 0, 0, 0, 0, 0]"
206,"consider the time you save during picture taking especially not missing a good moment and during download , it 's well worth the little extra money .",{},set(),"[0, 0, 0, 0, 0, 0, 0, 0, 0, 0, 0, 0, 0, 0, 0, 0, 0, 0, 0, 0, 0, 0, 0, 0, 0, 0, 0, 0, 0, 0, 0]"
207,"an extra rechargeable en-el 1 battery is also handy , so you will seldom run into "" out of battery "" situation .",{},set(),"[0, 0, 0, 0, 0, 0, 0, 0, 0, 0, 0, 0, 0, 0, 0, 0, 0, 0, 0, 0, 0, 0, 0, 0, 0, 0, 0, 0, 0, 0, 0]"
208,use the rechargeable because that saves you money and helps the environment in a long run .,{},set(),"[0, 0, 0, 0, 0, 0, 0, 0, 0, 0, 0, 0, 0, 0, 0, 0, 0, 0, 0, 0, 0, 0, 0, 0, 0, 0, 0, 0, 0, 0, 0]"
209,"one thing puzzles me is that for "" fine and 2200 + "" quality pictures , one ultra 256mb cf card can only hold 130-140 pics , but the size of the pictures are only around 1.2 mb , the math does not add up .",{},set(),"[0, 0, 0, 0, 0, 0, 0, 0, 0, 0, 0, 0, 0, 0, 0, 0, 0, 0, 0, 0, 0, 0, 0, 0, 0, 0, 0, 0, 0, 0, 0]"
210,i would expecct the card to hold over 200 pictures for size of 1.2 mb/per .,{},set(),"[0, 0, 0, 0, 0, 0, 0, 0, 0, 0, 0, 0, 0, 0, 0, 0, 0, 0, 0, 0, 0, 0, 0, 0, 0, 0, 0, 0, 0, 0, 0]"
211,anybody can explain that ?,{},set(),"[0, 0, 0, 0, 0, 0, 0, 0, 0, 0, 0, 0, 0, 0, 0, 0, 0, 0, 0, 0, 0, 0, 0, 0, 0, 0, 0, 0, 0, 0, 0]"
212,"a nikon will make you happier and leave you lots of good memories , as always .",{'nikon': 'positive'},"{('nikon', 'positive')}","[0, 1, 0, 0, 0, 0, 0, 0, 0, 0, 0, 0, 0, 0, 0, 0, 0, 0, 0, 0, 0, 0, 0, 0, 0, 0, 0, 0, 0, 0, 0]"
213,i highly recommend this camera to anyone looking for a good digital camera that takes great pictures yet does n't take weeks to figure out how to operate .,"{'picture': 'positive', 'camera': 'positive'}","{('camera', 'positive'), ('take weeks', 'positive')}","[0, 0, 0, 0, 0, 0, 0, 0, 0, 0, 0, 0, 0, 0, 0, 0, 0, 0, 0, 0, 0, 0, 1, 0, 0, 0, 0, 0, 0, 0, 0]"
214,we take this camera with us everywhere and are constantly amazed at the quality of the pictures that we get and the number of different ways the camera allows for pictures to be taken .,{'picture quality': 'positive'},set(),"[0, 0, 0, 0, 0, 0, 0, 0, 0, 0, 0, 0, 0, 0, 0, 0, 0, 0, 0, 0, 0, 0, 0, 0, 0, 0, 0, 0, 0, 0, 0]"
215,i am a picture fanatic so i consider myself picky and if your the same way this camera will not let you down.now buy it !,{'camera': 'positive'},"{('camera', 'positive')}","[0, 0, 0, 0, 0, 1, 0, 0, 0, 0, 0, 0, 0, 0, 0, 0, 0, 0, 0, 0, 0, 0, 0, 0, 0, 0, 0, 0, 0, 0, 0]"
216,"first of all , let 's start with my needs : 1 $ 500 budget 2 4mp resolution , 3 optical clarity and color , 4 fast - very little shutter lag and quick sep-up for next picture , 5 compact size , and 6 good camera grip to minimize camera shake .",{},set(),"[0, 0, 0, 0, 0, 0, 0, 0, 0, 0, 0, 0, 0, 0, 0, 0, 0, 0, 0, 0, 0, 0, 0, 0, 0, 0, 0, 0, 0, 0, 0]"
217,"for three months , i 've researched the internet and magazines , queried various sales personnel , and took hands-on in-store test drives .",{},set(),"[0, 0, 0, 0, 0, 0, 0, 0, 0, 0, 0, 0, 0, 0, 0, 0, 0, 0, 0, 0, 0, 0, 0, 0, 0, 0, 0, 0, 0, 0, 0]"
218,and i finally settled on the nikon coolpix 4300 .,{},set(),"[0, 0, 0, 0, 0, 0, 0, 0, 0, 0, 0, 0, 0, 0, 0, 0, 0, 0, 0, 0, 0, 0, 0, 0, 0, 0, 0, 0, 0, 0, 0]"
219,"i have it for a week now , and this camera has exceeded my expectations .",{'camera': 'positive'},"{('camera', 'positive')}","[0, 1, 0, 0, 0, 0, 0, 0, 0, 0, 0, 0, 0, 0, 0, 0, 0, 0, 0, 0, 0, 0, 0, 0, 0, 0, 0, 0, 0, 0, 0]"
220,the daylight pictures are brilliant and the indoor shots are very good provided that your subject is no more than about 8 feet away .,"{'picture': 'positive', 'indoor shot': 'positive'}",set(),"[0, 0, 0, 0, 0, 0, 0, 0, 0, 0, 0, 0, 0, 0, 0, 0, 0, 0, 0, 0, 0, 0, 0, 0, 0, 0, 0, 0, 0, 0, 0]"
221,the shutter lag is on par with what i 've experienced with point and shoot 35mm and aps film cameras and the next frame advance is about a couple seconds using a high speed 12x 128mb compact flash card a salesperson recommended the high speed card since next frame advance speed was important to me - and it was only a few dollars more .,{},set(),"[0, 0, 0, 0, 0, 0, 0, 0, 0, 0, 0, 0, 0, 0, 0, 0, 0, 0, 0, 0, 0, 0, 0, 0, 0, 0, 0, 0, 0, 0, 0]"
222,"the only drawbacks i 've encountered are : 1 indoor shots from a distance > 8ft lack contrast and color , but i 've found this to be a problem with all cameras with built-in flashes that i 've used even on a nikon slr .",{'indoor shot': 'negative'},set(),"[0, 0, 0, 0, 0, 0, 0, 0, 0, 0, 0, 0, 0, 0, 0, 0, 0, 0, 0, 0, 0, 0, 0, 0, 0, 0, 0, 0, 0, 0, 0]"
223,"right now , i 'm researching for an inexpensive slave flash unit that 's designed for digital cameras .",{},set(),"[0, 0, 0, 0, 0, 0, 0, 0, 0, 0, 0, 0, 0, 0, 0, 0, 0, 0, 0, 0, 0, 0, 0, 0, 0, 0, 0, 0, 0, 0, 0]"
224,2 the battery life seems to be on the short side but adequate for most situations .,{'battery life': 'negative'},set(),"[0, 0, 0, 0, 0, 0, 0, 0, 0, 0, 0, 0, 0, 0, 0, 0, 0, 0, 0, 0, 0, 0, 0, 0, 0, 0, 0, 0, 0, 0, 0]"
225,i got 45 outdoor and 15 indoor shots with the monitor on turning the camera off and on over a 4 hour period before the battery died .,{},set(),"[0, 0, 0, 0, 0, 0, 0, 0, 0, 0, 0, 0, 0, 0, 0, 0, 0, 0, 0, 0, 0, 0, 0, 0, 0, 0, 0, 0, 0, 0, 0]"
226,an extra for a back-up battery would be a good investment .,{},set(),"[0, 0, 0, 0, 0, 0, 0, 0, 0, 0, 0, 0, 0, 0, 0, 0, 0, 0, 0, 0, 0, 0, 0, 0, 0, 0, 0, 0, 0, 0, 0]"
227,"3 the picture editing software it came with is adequate , but not very robust .",{'software': 'negative'},set(),"[0, 0, 0, 0, 0, 0, 0, 0, 0, 0, 0, 0, 0, 0, 0, 0, 0, 0, 0, 0, 0, 0, 0, 0, 0, 0, 0, 0, 0, 0, 0]"
228,i 'll still use my photosuite for editing .,{},set(),"[0, 0, 0, 0, 0, 0, 0, 0, 0, 0, 0, 0, 0, 0, 0, 0, 0, 0, 0, 0, 0, 0, 0, 0, 0, 0, 0, 0, 0, 0, 0]"
229,one more thing about indoor shots - many of the reviews knocked this camera for low light focusing .,{},set(),"[0, 0, 0, 0, 0, 0, 0, 0, 0, 0, 0, 0, 0, 0, 0, 0, 0, 0, 0, 0, 0, 0, 0, 0, 0, 0, 0, 0, 0, 0, 0]"
230,"just for the heck of it , i took it into my dark kitchen with only indirect light coming in though the door , and the focusing was just fine .",{},set(),"[0, 0, 0, 0, 0, 0, 0, 0, 0, 0, 0, 0, 0, 0, 0, 0, 0, 0, 0, 0, 0, 0, 0, 0, 0, 0, 0, 0, 0, 0, 0]"
231,"in summary , i love this camera and would whole-heartedly recommend this to anyone wanting a high quality point and shoot camera in the medium price range .",{'camera': 'positive'},"{('camera', 'positive')}","[0, 0, 0, 0, 0, 0, 0, 0, 0, 0, 0, 0, 0, 0, 0, 0, 0, 0, 0, 0, 0, 0, 0, 0, 0, 0, 0, 0, 1, 0, 0]"
232,"- since i wrote the review above in january 2003 , i still love this camera .",{},set(),"[0, 0, 0, 0, 0, 0, 0, 0, 0, 0, 0, 0, 0, 0, 0, 0, 0, 0, 0, 0, 0, 0, 0, 0, 0, 0, 0, 0, 0, 0, 0]"
233,i 've picked up a few accessories that i found to be useful .,{},set(),"[0, 0, 0, 0, 0, 0, 0, 0, 0, 0, 0, 0, 0, 0, 0, 0, 0, 0, 0, 0, 0, 0, 0, 0, 0, 0, 0, 0, 0, 0, 0]"
234,i bought a digi-slave dsf-1s flash unit .,{},set(),"[0, 0, 0, 0, 0, 0, 0, 0, 0, 0, 0, 0, 0, 0, 0, 0, 0, 0, 0, 0, 0, 0, 0, 0, 0, 0, 0, 0, 0, 0, 0]"
235,"i do n't use a bracket , i just hold it above my head and aim the flash with my left hand .",{},set(),"[0, 0, 0, 0, 0, 0, 0, 0, 0, 0, 0, 0, 0, 0, 0, 0, 0, 0, 0, 0, 0, 0, 0, 0, 0, 0, 0, 0, 0, 0, 0]"
236,"i also got a ur-e 4 step down ring adapter , lc-e 900 lens cap , and the nikon 28mm filter set .",{},set(),"[0, 0, 0, 0, 0, 0, 0, 0, 0, 0, 0, 0, 0, 0, 0, 0, 0, 0, 0, 0, 0, 0, 0, 0, 0, 0, 0, 0, 0, 0, 0]"
237,this provides added protection for the camera lens and allows the use of filters .,{},set(),"[0, 0, 0, 0, 0, 0, 0, 0, 0, 0, 0, 0, 0, 0, 0, 0, 0, 0, 0, 0, 0, 0, 0, 0, 0, 0, 0, 0, 0, 0, 0]"
238,i leave the adapter and uv filter on all the time .,{},set(),"[0, 0, 0, 0, 0, 0, 0, 0, 0, 0, 0, 0, 0, 0, 0, 0, 0, 0, 0, 0, 0, 0, 0, 0, 0, 0, 0, 0, 0, 0, 0]"
239,this also allows you to turn on the camera on without having to remove the lens cap .,{},set(),"[0, 0, 0, 0, 0, 0, 0, 0, 0, 0, 0, 0, 0, 0, 0, 0, 0, 0, 0, 0, 0, 0, 0, 0, 0, 0, 0, 0, 0, 0, 0]"
240,"the downside is that you might accidentally take pictures with the lens cap on , the camera wo n't fit in the small cases , and 28mm filters are expensive and hard to find .",{},set(),"[0, 0, 0, 0, 0, 0, 0, 0, 0, 0, 0, 0, 0, 0, 0, 0, 0, 0, 0, 0, 0, 0, 0, 0, 0, 0, 0, 0, 0, 0, 0]"
241,great camera .,{'camera': 'positive'},"{('camera', 'positive')}","[0, 0, 0, 1, 0, 0, 0, 0, 0, 0, 0, 0, 0, 0, 0, 0, 0, 0, 0, 0, 0, 0, 0, 0, 0, 0, 0, 0, 0, 0, 0]"
242,i am impressed with how easy this camera is to use .,{'use': 'positive'},set(),"[0, 0, 0, 0, 0, 0, 0, 0, 0, 0, 0, 0, 0, 0, 0, 0, 0, 0, 0, 0, 0, 0, 0, 0, 0, 0, 0, 0, 0, 0, 0]"
243,it takes great pictures .,{'picture': 'positive'},set(),"[0, 0, 0, 0, 0, 0, 0, 0, 0, 0, 0, 0, 0, 0, 0, 0, 0, 0, 0, 0, 0, 0, 0, 0, 0, 0, 0, 0, 0, 0, 0]"
244,"the manual is easy to understand , and it is mostly idiot proof .",{'manual': 'positive'},set(),"[0, 0, 0, 0, 0, 0, 0, 0, 0, 0, 0, 0, 0, 0, 0, 0, 0, 0, 0, 0, 0, 0, 0, 0, 0, 0, 0, 0, 0, 0, 0]"
245,i have not yet figured out how to make it snap quick pictures for action shots .,{},set(),"[0, 0, 0, 0, 0, 0, 0, 0, 0, 0, 0, 0, 0, 0, 0, 0, 0, 0, 0, 0, 0, 0, 0, 0, 0, 0, 0, 0, 0, 0, 0]"
246,now where did i put that manual ?,{},set(),"[0, 0, 0, 0, 0, 0, 0, 0, 0, 0, 0, 0, 0, 0, 0, 0, 0, 0, 0, 0, 0, 0, 0, 0, 0, 0, 0, 0, 0, 0, 0]"
247,do n't let my five star rating fool you .,{},set(),"[0, 0, 0, 0, 0, 0, 0, 0, 0, 0, 0, 0, 0, 0, 0, 0, 0, 0, 0, 0, 0, 0, 0, 0, 0, 0, 0, 0, 0, 0, 0]"
248,the nikon coolpix 4300 deserves six .,{},set(),"[0, 0, 0, 0, 0, 0, 0, 0, 0, 0, 0, 0, 0, 0, 0, 0, 0, 0, 0, 0, 0, 0, 0, 0, 0, 0, 0, 0, 0, 0, 0]"
249,i got this camera about a month ago and i can 't put it down .,{'camera': 'positive'},"{('camera', 'positive')}","[0, 0, 0, 0, 1, 0, 0, 0, 0, 0, 0, 0, 0, 0, 0, 0, 0, 0, 0, 0, 0, 0, 0, 0, 0, 0, 0, 0, 0, 0, 0]"
250,"i was considering buying the minolta f-100 and the sony dsc-p 9 , but at the camera shop , realized this one went above and beyond .",{},set(),"[0, 0, 0, 0, 0, 0, 0, 0, 0, 0, 0, 0, 0, 0, 0, 0, 0, 0, 0, 0, 0, 0, 0, 0, 0, 0, 0, 0, 0, 0, 0]"
251,i selected the 4300 right away and have gotten high quality pictures every time .,{'picture quality': 'positive'},set(),"[0, 0, 0, 0, 0, 0, 0, 0, 0, 0, 0, 0, 0, 0, 0, 0, 0, 0, 0, 0, 0, 0, 0, 0, 0, 0, 0, 0, 0, 0, 0]"
252,autofocus feels exactly like my film camera while scene and manual mode add a little fun challenge to it all .,"{'manual mode': 'positive', 'scene mode': 'positive', 'autofocus': 'positive'}","{('manual mode', 'positive'), ('scene', 'positive')}","[0, 1, 0, 0, 0, 0, 0, 0, 0, 0, 0, 0, 0, 0, 0, 0, 0, 0, 0, 0, 0, 0, 0, 0, 0, 0, 0, 0, 0, 0, 0]"
253,i would also recommend buying an extra battery and at least a 128 mb compact flash type i memory card .,{},set(),"[0, 0, 0, 0, 0, 0, 0, 0, 0, 0, 0, 0, 0, 0, 0, 0, 0, 0, 0, 0, 0, 0, 0, 0, 0, 0, 0, 0, 0, 0, 0]"
254,buy this camera and savour it .,{},set(),"[0, 0, 0, 0, 0, 0, 0, 0, 0, 0, 0, 0, 0, 0, 0, 0, 0, 0, 0, 0, 0, 0, 0, 0, 0, 0, 0, 0, 0, 0, 0]"
255,i reviewed several digital cameras before settling on this one .,{},set(),"[0, 0, 0, 0, 0, 0, 0, 0, 0, 0, 0, 0, 0, 0, 0, 0, 0, 0, 0, 0, 0, 0, 0, 0, 0, 0, 0, 0, 0, 0, 0]"
256,this one was rated very high by several people check out this site and epinions.com .,{},set(),"[0, 0, 0, 0, 0, 0, 0, 0, 0, 0, 0, 0, 0, 0, 0, 0, 0, 0, 0, 0, 0, 0, 0, 0, 0, 0, 0, 0, 0, 0, 0]"
257,picture quality in outdoor settings is indistinguishable from 35mm .,{'picture quality': 'positive'},set(),"[0, 0, 0, 0, 0, 0, 0, 0, 0, 0, 0, 0, 0, 0, 0, 0, 0, 0, 0, 0, 0, 0, 0, 0, 0, 0, 0, 0, 0, 0, 0]"
258,"on average , indoor shots with a flash are not quite as good as 35mm .",{'indoor shot': 'negative'},set(),"[0, 0, 0, 0, 0, 0, 0, 0, 0, 0, 0, 0, 0, 0, 0, 0, 0, 0, 0, 0, 0, 0, 0, 0, 0, 0, 0, 0, 0, 0, 0]"
259,"however , the convenience of using digital far outweighs the slightly less accurate indoor pictures .",{},set(),"[0, 0, 0, 0, 0, 0, 0, 0, 0, 0, 0, 0, 0, 0, 0, 0, 0, 0, 0, 0, 0, 0, 0, 0, 0, 0, 0, 0, 0, 0, 0]"
260,i am extremely satisfied with this camera .,{'camera': 'positive'},"{('camera', 'positive')}","[0, 0, 0, 0, 0, 0, 0, 0, 0, 1, 0, 0, 0, 0, 0, 0, 0, 0, 0, 0, 0, 0, 0, 0, 0, 0, 0, 0, 0, 0, 0]"
261,i purchased it from amazon on a since discontinued promotion .,{},set(),"[0, 0, 0, 0, 0, 0, 0, 0, 0, 0, 0, 0, 0, 0, 0, 0, 0, 0, 0, 0, 0, 0, 0, 0, 0, 0, 0, 0, 0, 0, 0]"
262,buy an extra battery - life is good but still somewhat short .,{},set(),"[0, 0, 0, 0, 0, 0, 0, 0, 0, 0, 0, 0, 0, 0, 0, 0, 0, 0, 0, 0, 0, 0, 0, 0, 0, 0, 0, 0, 0, 0, 0]"
263,do n't buy this camera if you are not going to purchase a 128 megabyte card .,{},set(),"[0, 0, 0, 0, 0, 0, 0, 0, 0, 0, 0, 0, 0, 0, 0, 0, 0, 0, 0, 0, 0, 0, 0, 0, 0, 0, 0, 0, 0, 0, 0]"
264,you need the storage to hold a decent amount of shots at 4 megapixel resolution .,{},set(),"[0, 0, 0, 0, 0, 0, 0, 0, 0, 0, 0, 0, 0, 0, 0, 0, 0, 0, 0, 0, 0, 0, 0, 0, 0, 0, 0, 0, 0, 0, 0]"
265,i have one thing to say to the numbskulls who complain that this camera 's controls are confusing and hard to remember :,{},set(),"[0, 0, 0, 0, 0, 0, 0, 0, 0, 0, 0, 0, 0, 0, 0, 0, 0, 0, 0, 0, 0, 0, 0, 0, 0, 0, 0, 0, 0, 0, 0]"
266,read the directions !,{},set(),"[0, 0, 0, 0, 0, 0, 0, 0, 0, 0, 0, 0, 0, 0, 0, 0, 0, 0, 0, 0, 0, 0, 0, 0, 0, 0, 0, 0, 0, 0, 0]"
267,the regular mode in this camera works for 80 % of settings .,{},set(),"[0, 0, 0, 0, 0, 0, 0, 0, 0, 0, 0, 0, 0, 0, 0, 0, 0, 0, 0, 0, 0, 0, 0, 0, 0, 0, 0, 0, 0, 0, 0]"
268,"the "" scene "" mode works well for the remainder of shots that are not going to be in a "" regular "" setting .",{'scene mode': 'positive'},set(),"[0, 0, 0, 0, 0, 0, 0, 0, 0, 0, 0, 0, 0, 0, 0, 0, 0, 0, 0, 0, 0, 0, 0, 0, 0, 0, 0, 0, 0, 0, 0]"
269,i wish the camera had a higher optical zoom so that i could take better wildlife photos .,{},set(),"[0, 0, 0, 0, 0, 0, 0, 0, 0, 0, 0, 0, 0, 0, 0, 0, 0, 0, 0, 0, 0, 0, 0, 0, 0, 0, 0, 0, 0, 0, 0]"
270,"however , its 3x optical setting is acceptable for 70 % of the shots that i take .",{'optical setting': 'positive'},"{('optical setting', 'positive')}","[0, 1, 0, 0, 0, 0, 0, 0, 0, 0, 0, 0, 0, 0, 0, 0, 0, 0, 0, 0, 0, 0, 0, 0, 0, 0, 0, 0, 0, 0, 0]"
271,"buy this camera , you wo n't regret it .",{},set(),"[0, 0, 0, 0, 0, 0, 0, 0, 0, 0, 0, 0, 0, 0, 0, 0, 0, 0, 0, 0, 0, 0, 0, 0, 0, 0, 0, 0, 0, 0, 0]"
272,"if you 're looking for a small , compact , super resolution digital camera , you can end your search with the nikon 4300 !",{'camera': 'positive'},"{('camera', 'positive'), ('resolution', 'positive')}","[0, 0, 0, 1, 0, 0, 0, 0, 0, 0, 0, 0, 0, 0, 0, 0, 0, 0, 0, 0, 0, 0, 0, 0, 0, 0, 0, 0, 0, 0, 0]"
273,"after a lengthy and extensive journey for a feature-loaded , high performance , travel size camera , i initially gravitated to this little gem because of the superior picture quality 4 mega pixel .",{'picture quality': 'positive'},set(),"[0, 0, 0, 0, 0, 0, 0, 0, 0, 0, 0, 0, 0, 0, 0, 0, 0, 0, 0, 0, 0, 0, 0, 0, 0, 0, 0, 0, 0, 0, 0]"
274,"after using it for about a month , i can state unequivocably that this nikon definitely delivers a huge bang for the buck .",{'nikon': 'positive'},"{('nikon', 'positive')}","[0, 1, 0, 0, 0, 0, 0, 0, 0, 0, 0, 0, 0, 0, 0, 0, 0, 0, 0, 0, 0, 0, 0, 0, 0, 0, 0, 0, 0, 0, 0]"
275,its easy to use and the sheer fun of being able to use an array of nikon accessories like the telephoto and wide-angle lenses is the proverbial icing on the cake .,"{'accessory': 'positive', 'use': 'positive'}",set(),"[0, 0, 0, 0, 0, 0, 0, 0, 0, 0, 0, 0, 0, 0, 0, 0, 0, 0, 0, 0, 0, 0, 0, 0, 0, 0, 0, 0, 0, 0, 0]"
276,"yes , the picture quality and features which are too numerous to mention are unmatched for any camera in this price range .","{'picture quality': 'positive', 'feature': 'positive'}",set(),"[0, 0, 0, 0, 0, 0, 0, 0, 0, 0, 0, 0, 0, 0, 0, 0, 0, 0, 0, 0, 0, 0, 0, 0, 0, 0, 0, 0, 0, 0, 0]"
277,the design and construction are excellent -- as is the legendary quality of the nikon optics .,"{'design': 'positive', 'optic': 'positive', 'construction': 'positive'}","{('design', 'positive'), ('construction', 'positive')}","[0, 1, 0, 0, 0, 0, 0, 0, 0, 0, 0, 0, 0, 0, 0, 0, 0, 0, 0, 0, 0, 0, 0, 0, 0, 0, 0, 0, 0, 0, 0]"
278,i own a 35mm slr camera and this is my second digital .,{},set(),"[0, 0, 0, 0, 0, 0, 0, 0, 0, 0, 0, 0, 0, 0, 0, 0, 0, 0, 0, 0, 0, 0, 0, 0, 0, 0, 0, 0, 0, 0, 0]"
279,"if you 're seeking that elusive state of photographic euphoria that is free of buyer 's remorse and filled with cool , then travel to the world of the coolpix 4300 !",{},set(),"[0, 0, 0, 0, 0, 0, 0, 0, 0, 0, 0, 0, 0, 0, 0, 0, 0, 0, 0, 0, 0, 0, 0, 0, 0, 0, 0, 0, 0, 0, 0]"
280,had it for a week .,{},set(),"[0, 0, 0, 0, 0, 0, 0, 0, 0, 0, 0, 0, 0, 0, 0, 0, 0, 0, 0, 0, 0, 0, 0, 0, 0, 0, 0, 0, 0, 0, 0]"
281,"there are so many functions in this little , yet powerful camera !",{'camera': 'positive'},"{('camera', 'positive'), ('functions', 'positive')}","[0, 0, 0, 1, 0, 0, 0, 0, 0, 0, 0, 0, 0, 0, 0, 0, 0, 0, 0, 0, 0, 0, 0, 0, 0, 0, 0, 0, 0, 0, 0]"
282,"my room is so dark and when i tried taking pics of it with my old camera , they came out black , but with this , they look the same in the picture as in real life .",{},set(),"[0, 0, 0, 0, 0, 0, 0, 0, 0, 0, 0, 0, 0, 0, 0, 0, 0, 0, 0, 0, 0, 0, 0, 0, 0, 0, 0, 0, 0, 0, 0]"
283,"better actually cause my carpet looks clean , lol .",{},set(),"[0, 0, 0, 0, 0, 0, 0, 0, 0, 0, 0, 0, 0, 0, 0, 0, 0, 0, 0, 0, 0, 0, 0, 0, 0, 0, 0, 0, 0, 0, 0]"
284,but this camera is great !,{'camera': 'positive'},"{('camera', 'positive')}","[0, 1, 0, 0, 0, 0, 0, 0, 0, 0, 0, 0, 0, 0, 0, 0, 0, 0, 0, 0, 0, 0, 0, 0, 0, 0, 0, 0, 0, 0, 0]"
285,the picture quality is amazing and you can connect it to your tv and could make silent movies that way if you wanted to .,"{'picture quality': 'positive', 'movie': 'positive'}",set(),"[0, 0, 0, 0, 0, 0, 0, 0, 0, 0, 0, 0, 0, 0, 0, 0, 0, 0, 0, 0, 0, 0, 0, 0, 0, 0, 0, 0, 0, 0, 0]"
286,"i can 't connect it to my computer though , but that 's a problem with windows me , not the camera .",{},set(),"[0, 0, 0, 0, 0, 0, 0, 0, 0, 0, 0, 0, 0, 0, 0, 0, 0, 0, 0, 0, 0, 0, 0, 0, 0, 0, 0, 0, 0, 0, 0]"
287,"if you have windows me you should upgrade to xp anyway , lol .",{},set(),"[0, 0, 0, 0, 0, 0, 0, 0, 0, 0, 0, 0, 0, 0, 0, 0, 0, 0, 0, 0, 0, 0, 0, 0, 0, 0, 0, 0, 0, 0, 0]"
288,but it works perfectly fine on my parent 's computer .,{},set(),"[0, 0, 0, 0, 0, 0, 0, 0, 0, 0, 0, 0, 0, 0, 0, 0, 0, 0, 0, 0, 0, 0, 0, 0, 0, 0, 0, 0, 0, 0, 0]"
289,"it does have a lense cap , but it wo n't let you take pics with it on which is real good .",{'lense cap': 'positive'},"{('lense cap', 'positive')}","[0, 0, 0, 0, 0, 0, 0, 1, 0, 0, 0, 0, 0, 0, 0, 0, 0, 0, 0, 0, 0, 0, 0, 0, 0, 0, 0, 0, 0, 0, 0]"
290,the battery recharges ral fast and the recharger thingy that comes with is real nice .,{'battery': 'positive'},"{('battery', 'positive')}","[0, 0, 0, 0, 0, 0, 0, 0, 0, 0, 0, 0, 0, 0, 0, 0, 0, 0, 0, 0, 1, 0, 0, 0, 0, 0, 0, 0, 0, 0, 0]"
291,"ooh , and i dropped it and it still works fine : this little camera has so many features i have n't even gotten to all of them yet .",{'camera': 'positive'},set(),"[0, 0, 0, 0, 0, 0, 0, 0, 0, 0, 0, 0, 0, 0, 0, 0, 0, 0, 0, 0, 0, 0, 0, 0, 0, 0, 0, 0, 0, 0, 0]"
292,"i did quite a bit of research before buying this camera , and this one had everything i was looking for .",{},set(),"[0, 0, 0, 0, 0, 0, 0, 0, 0, 0, 0, 0, 0, 0, 0, 0, 0, 0, 0, 0, 0, 0, 0, 0, 0, 0, 0, 0, 0, 0, 0]"
293,"it 's easy for beginners to use , but has features that more serious photographers will love , so it 's an excellent camera to grow into .","{'use': 'positive', 'camera': 'positive', 'feature': 'positive'}","{('camera', 'positive'), ('photographers', 'positive')}","[0, 0, 0, 1, 0, 0, 0, 0, 0, 0, 0, 0, 0, 0, 0, 0, 0, 0, 0, 0, 0, 0, 0, 0, 0, 0, 0, 0, 0, 0, 0]"
294,"i love the continuous shot mode , which allows you to take up to 16 pix in rapid succession -- great for action shots .",{'continuous shot mode': 'positive'},"{('rapid succession', 'positive'), ('continuous shot mode', 'positive')}","[0, 0, 0, 0, 0, 0, 0, 1, 0, 0, 0, 0, 0, 0, 0, 0, 0, 0, 0, 0, 0, 0, 0, 0, 0, 0, 0, 0, 0, 0, 0]"
295,i 'm amazed at the photo quality -- prints are indistinguishable from 35mm prints .,"{'photo quality': 'positive', 'print': 'positive'}",set(),"[0, 0, 0, 0, 0, 0, 0, 0, 0, 0, 0, 0, 0, 0, 0, 0, 0, 0, 0, 0, 0, 0, 0, 0, 0, 0, 0, 0, 0, 0, 0]"
296,"i only have one complaint , and that is the 8mb card included .",{'mb card': 'negative'},set(),"[0, 0, 0, 0, 0, 0, 0, 0, 0, 0, 0, 0, 0, 0, 0, 0, 0, 0, 0, 0, 0, 0, 0, 0, 0, 0, 0, 0, 0, 0, 0]"
297,8mb for a camera like this is a joke .,{'mb': 'negative'},set(),"[0, 0, 0, 0, 0, 0, 0, 0, 0, 0, 0, 0, 0, 0, 0, 0, 0, 0, 0, 0, 0, 0, 0, 0, 0, 0, 0, 0, 0, 0, 0]"
298,a card with more memory is a must .,{},set(),"[0, 0, 0, 0, 0, 0, 0, 0, 0, 0, 0, 0, 0, 0, 0, 0, 0, 0, 0, 0, 0, 0, 0, 0, 0, 0, 0, 0, 0, 0, 0]"
299,"a minor quibble , since most cameras on the market still only include the 8mb cards .",{},set(),"[0, 0, 0, 0, 0, 0, 0, 0, 0, 0, 0, 0, 0, 0, 0, 0, 0, 0, 0, 0, 0, 0, 0, 0, 0, 0, 0, 0, 0, 0, 0]"
300,"if you do any research into digital cameras , you 'll quickly find that this camera is just about the best value out there .",{},set(),"[0, 0, 0, 0, 0, 0, 0, 0, 0, 0, 0, 0, 0, 0, 0, 0, 0, 0, 0, 0, 0, 0, 0, 0, 0, 0, 0, 0, 0, 0, 0]"
301,these are the reasons i think it 's great :,{},set(),"[0, 0, 0, 0, 0, 0, 0, 0, 0, 0, 0, 0, 0, 0, 0, 0, 0, 0, 0, 0, 0, 0, 0, 0, 0, 0, 0, 0, 0, 0, 0]"
302,1 it has all the features an amatuer photo-enthusiast would want .,{'feature': 'positive'},set(),"[0, 0, 0, 0, 0, 0, 0, 0, 0, 0, 0, 0, 0, 0, 0, 0, 0, 0, 0, 0, 0, 0, 0, 0, 0, 0, 0, 0, 0, 0, 0]"
303,2 it is easy enough for my grandmother to use .,{'use': 'positive'},set(),"[0, 0, 0, 0, 0, 0, 0, 0, 0, 0, 0, 0, 0, 0, 0, 0, 0, 0, 0, 0, 0, 0, 0, 0, 0, 0, 0, 0, 0, 0, 0]"
304,4 it has optional lenses like wide angles and extra zooms .,{},set(),"[0, 0, 0, 0, 0, 0, 0, 0, 0, 0, 0, 0, 0, 0, 0, 0, 0, 0, 0, 0, 0, 0, 0, 0, 0, 0, 0, 0, 0, 0, 0]"
305,"5 for "" digital film "" it uses compact flash cards , which are easy to find , cheap , reliable and supported by many other devices you may have at hoome .",{},set(),"[0, 0, 0, 0, 0, 0, 0, 0, 0, 0, 0, 0, 0, 0, 0, 0, 0, 0, 0, 0, 0, 0, 0, 0, 0, 0, 0, 0, 0, 0, 0]"
306,6 the nikon coolpix line is a well-established line so you know support and parts are going to be available even when nikon releases a newer model .,{'nikon support': 'positive'},set(),"[0, 0, 0, 0, 0, 0, 0, 0, 0, 0, 0, 0, 0, 0, 0, 0, 0, 0, 0, 0, 0, 0, 0, 0, 0, 0, 0, 0, 0, 0, 0]"
307,7 picture quality is excellent .,{'picture quality': 'positive'},set(),"[0, 0, 0, 0, 0, 0, 0, 0, 0, 0, 0, 0, 0, 0, 0, 0, 0, 0, 0, 0, 0, 0, 0, 0, 0, 0, 0, 0, 0, 0, 0]"
308,8 battery life is excellent .,{'battery life': 'positive'},"{('battery life', 'positive')}","[0, 1, 0, 0, 0, 0, 0, 0, 0, 0, 0, 0, 0, 0, 0, 0, 0, 0, 0, 0, 0, 0, 0, 0, 0, 0, 0, 0, 0, 0, 0]"
309,9 3x built-in optical zoom is a lot for this price range .,{'optical zoom': 'positive'},"{('optical zoom', 'positive')}","[0, 0, 0, 0, 0, 0, 0, 1, 0, 0, 0, 0, 0, 0, 0, 0, 0, 0, 0, 0, 0, 0, 0, 0, 0, 0, 0, 0, 0, 0, 0]"
310,10 great price for all the features .,{'price': 'positive'},"{('price', 'positive')}","[0, 0, 0, 1, 0, 0, 0, 0, 0, 0, 0, 0, 0, 0, 0, 0, 0, 0, 0, 0, 0, 0, 0, 0, 0, 0, 0, 0, 0, 0, 0]"
311,here 's what you may miss or be annoyed by with this camera :,{},set(),"[0, 0, 0, 0, 0, 0, 0, 0, 0, 0, 0, 0, 0, 0, 0, 0, 0, 0, 0, 0, 0, 0, 0, 0, 0, 0, 0, 0, 0, 0, 0]"
312,1 no direct firewire to the camera .,{'firewire': 'negative'},set(),"[0, 0, 0, 0, 0, 0, 0, 0, 0, 0, 0, 0, 0, 0, 0, 0, 0, 0, 0, 0, 0, 0, 0, 0, 0, 0, 0, 0, 0, 0, 0]"
313,"there is usb , though .",{},set(),"[0, 0, 0, 0, 0, 0, 0, 0, 0, 0, 0, 0, 0, 0, 0, 0, 0, 0, 0, 0, 0, 0, 0, 0, 0, 0, 0, 0, 0, 0, 0]"
314,"2 the camera is so small that when you attach some lenses i have the 19mm wide-angle -- wc-e 68 , the optical viewfinder is partially obscured .",{'viewfinder': 'negative'},set(),"[0, 0, 0, 0, 0, 0, 0, 0, 0, 0, 0, 0, 0, 0, 0, 0, 0, 0, 0, 0, 0, 0, 0, 0, 0, 0, 0, 0, 0, 0, 0]"
315,"this does n't affect the picture , of course .",{},set(),"[0, 0, 0, 0, 0, 0, 0, 0, 0, 0, 0, 0, 0, 0, 0, 0, 0, 0, 0, 0, 0, 0, 0, 0, 0, 0, 0, 0, 0, 0, 0]"
316,you just have to use the lcd viewfinder to see the whole picture .,{},set(),"[0, 0, 0, 0, 0, 0, 0, 0, 0, 0, 0, 0, 0, 0, 0, 0, 0, 0, 0, 0, 0, 0, 0, 0, 0, 0, 0, 0, 0, 0, 0]"
317,it 's no problem for me personally .,{},set(),"[0, 0, 0, 0, 0, 0, 0, 0, 0, 0, 0, 0, 0, 0, 0, 0, 0, 0, 0, 0, 0, 0, 0, 0, 0, 0, 0, 0, 0, 0, 0]"
318,3 battery has to be removed to recharge .,{},set(),"[0, 0, 0, 0, 0, 0, 0, 0, 0, 0, 0, 0, 0, 0, 0, 0, 0, 0, 0, 0, 0, 0, 0, 0, 0, 0, 0, 0, 0, 0, 0]"
319,"4 an ac adapter for powering the camera while the battery 's out is not included , although one can be purchased separately .",{},set(),"[0, 0, 0, 0, 0, 0, 0, 0, 0, 0, 0, 0, 0, 0, 0, 0, 0, 0, 0, 0, 0, 0, 0, 0, 0, 0, 0, 0, 0, 0, 0]"
320,5 two different adapters -- ur-e 4 and ur-e 7 -- are required for some attachment lenses .,{},set(),"[0, 0, 0, 0, 0, 0, 0, 0, 0, 0, 0, 0, 0, 0, 0, 0, 0, 0, 0, 0, 0, 0, 0, 0, 0, 0, 0, 0, 0, 0, 0]"
321,"most of these "" annoyances "" , though , are comparable to what you 'll find on other cameras in this price range .",{},set(),"[0, 0, 0, 0, 0, 0, 0, 0, 0, 0, 0, 0, 0, 0, 0, 0, 0, 0, 0, 0, 0, 0, 0, 0, 0, 0, 0, 0, 0, 0, 0]"
322,"i am new to the whole digital camera thing ; well , new to the whole camera thing period , really .",{},set(),"[0, 0, 0, 0, 0, 0, 0, 0, 0, 0, 0, 0, 0, 0, 0, 0, 0, 0, 0, 0, 0, 0, 0, 0, 0, 0, 0, 0, 0, 0, 0]"
323,the auto-mode is good enough for most shots but the 4300 also boasts 12 versatile scene modes as well as a manual mode though i admit i have n't played with it too much on manual .,"{'manual mode': 'positive', 'scene mode': 'positive', 'auto mode': 'positive'}","{('shots', 'positive'), ('manual mode', 'positive'), ('versatile scene modes', 'positive')}","[0, 0, 0, 0, 0, 0, 0, 1, 0, 0, 0, 0, 0, 0, 0, 0, 0, 0, 0, 0, 0, 0, 0, 0, 0, 0, 0, 0, 0, 0, 0]"
324,it 's size also makes it ideal for travel .,{'size': 'positive'},"{('size', 'positive')}","[0, 0, 0, 0, 0, 0, 0, 0, 0, 0, 0, 0, 0, 0, 0, 0, 0, 0, 0, 0, 0, 0, 0, 0, 0, 0, 0, 1, 0, 0, 0]"
325,"overall the nikon 4300 is a very dependable , robust , and useful little camera .",{'camera': 'positive'},set(),"[0, 0, 0, 0, 0, 0, 0, 0, 0, 0, 0, 0, 0, 0, 0, 0, 0, 0, 0, 0, 0, 0, 0, 0, 0, 0, 0, 0, 0, 0, 0]"
326,awesome camera with huge print quality in a tiny package .,"{'print quality': 'positive', 'camera': 'positive'}","{('camera', 'positive'), ('package', 'positive'), ('print', 'positive')}","[0, 0, 0, 1, 0, 0, 0, 0, 0, 0, 0, 0, 0, 0, 0, 0, 0, 0, 0, 0, 0, 0, 0, 0, 0, 0, 0, 0, 0, 0, 0]"
327,"the same 4mp chip from the 4500 camera , plus a 3x zoom with the ability to expand upon that with extenders , great closeup mode , long lasting rechargable battery , etc etc.","{'closeup mode': 'positive', 'battery': 'positive'}","{('battery', 'positive'), ('closeup mode', 'positive')}","[0, 0, 0, 1, 0, 0, 0, 0, 0, 0, 0, 0, 0, 0, 0, 0, 0, 0, 0, 0, 0, 0, 0, 0, 0, 0, 0, 0, 0, 0, 0]"
328,"in my opinion it 's the best camera for the money if you 're looking for something that 's easy to use , small good for travel , and provides excellent , sharp images .",{'camera': 'positive'},"{('camera', 'positive')}","[0, 0, 0, 0, 0, 0, 0, 0, 0, 0, 1, 0, 0, 0, 0, 0, 0, 0, 0, 0, 0, 0, 0, 0, 0, 0, 0, 0, 0, 0, 0]"
